{
	"format_version": "1.16.100",
	"minecraft:item": {
		"description": {
			"identifier": "origins:cleric_lingering_potion_of_night_vision_long",
			"category": "Commands"
		},

		"components": {
			"minecraft:icon": {
        "texture": "potion_lingering_night_vision"
      },
      "minecraft:display_name": {
        "value": "Lingering Potion of Night Vision \n§9Night Vision (4:00)§r"
      },
			
			"minecraft:projectile": {
				"projectile_entity": "origins:cleric_lingering_potion_night_vision_long",
				"minimum_critical_power": 0.0
			},
			"minecraft:throwable": {
				"do_swing_animation": true,
				"max_draw_duration": 2
			},

      "minecraft:max_stack_size": 1,
      "minecraft:foil": true,
      "minecraft:stacked_by_data": true,
			"minecraft:use_duration": 1.0,
			"minecraft:use_animation": "none"
		}
	}
}