{
	"format_version": "1.16.100",
	"minecraft:item": {
		"description": {
			"identifier": "origins:cleric_potion_of_invisibility_long",
			"category": "Commands"
		},

		"components": {
			"minecraft:icon": {
        "texture": "potion_bottle_invisibility"
      },
      "minecraft:display_name": {
        "value": "Potion of Invisibility \n§9Invisibility (16:00)§r"
      },
			"minecraft:food": {
				"nutrition": 0,
				"saturation_modifier": "poor",
				"can_always_eat": true,
				"using_converts_to": "glass_bottle",
				"on_consume": {
					"event": "origins:on_consume",
					"target": "self"
				}
			},

      "minecraft:max_stack_size": 1,
      "minecraft:foil": true,
      "minecraft:stacked_by_data": true,
			"minecraft:use_duration": 1.6,
			"minecraft:use_animation": "drink"
		},

		"events": {
			"origins:on_consume": {
				"sequence": [
					{
						"add_mob_effect": {
							"effect": "invisibility",
							"target": "holder",
							"duration": 960,
							"amplifier": 0
						}
					}
				]
			}
		}
	}
}