{
	"format_version": "1.16.100",
	"minecraft:item": {
		"description": {
			"identifier": "origins:cleric_splash_potion_of_swiftness_potent",
			"category": "Commands"
		},

		"components": {
			"minecraft:icon": {
        "texture": "potion_splash_swiftness"
      },
      "minecraft:display_name": {
        "value": "Splash Potion of Swiftness \n§9Speed II (1:30)§r\n\n§5When Applied:§r\n§9+40%% Speed"
      },

			"minecraft:projectile": {
				"projectile_entity": "origins:cleric_splash_potion_swiftness_potent",
				"minimum_critical_power": 0.0
			},
			"minecraft:throwable": {
				"do_swing_animation": true,
				"max_draw_duration": 2
			},

      "minecraft:max_stack_size": 1,
      "minecraft:foil": true,
      "minecraft:stacked_by_data": true,
			"minecraft:use_duration": 1.0,
			"minecraft:use_animation": "none"
		}
	}
}