{
  "format_version": "1.12",
  "minecraft:recipe_shapeless": {
    "description": {
      "identifier": "minecraft:smithingtable_blacksmith_diamond_chestplate_to_netherite_chestplate"
    },
    "tags": ["smithing_table"],
    "priority": 2,
    "ingredients": [
      {
        "item": "origins:blacksmith_diamond_chestplate"
      },
      {
        "item": "minecraft:netherite_ingot"
      }
    ],
    "result": {
      "item": "origins:blacksmith_netherite_chestplate",
      "count": 1
    }
  }
}
