{
	"format_version": "1.16.100",
	"minecraft:item": {
		"description": {
			"identifier": "origins:temp_lingering_potion_of_invisibility_long",
			"category": "Commands"
		},

		"components": {
			"minecraft:icon": {
        "texture": "potion_lingering_invisibility"
      },
      "minecraft:display_name": {
        "value": "Lingering Potion of Invisibility\n§9Invisibility (2:00)§r"
      },

      "minecraft:max_stack_size": 1,
      "minecraft:foil": true,
      "minecraft:stacked_by_data": true,
			"minecraft:use_duration": 1.0,
			"minecraft:use_animation": "none"
		}
	}
}