{
	"format_version": "1.16.100",
	"minecraft:item": {
		"description": {
			"identifier": "origins:temp_lingering_potion_of_weakness_long",
			"category": "Commands"
		},

		"components": {
			"minecraft:icon": {
        "texture": "potion_lingering_weakness"
      },
      "minecraft:display_name": {
        "value": "Lingering Potion of Weakness\n§cWeakness (1:00)§r\n\n§5When Applied:§r\n§c-1 Attack Damage"
      },

      "minecraft:max_stack_size": 1,
      "minecraft:foil": true,
      "minecraft:stacked_by_data": true,
			"minecraft:use_duration": 1.0,
			"minecraft:use_animation": "none"
		}
	}
}