{
	"format_version": "1.16.100",
	"minecraft:item": {
		"description": {
			"identifier": "origins:temp_lingering_potion_of_turtle_master_long",
			"category": "Commands"
		},

		"components": {
			"minecraft:icon": {
        "texture": "potion_lingering_turtle_master"
      },
      "minecraft:display_name": {
        "value": "Lingering Potion of the Turtle Master\n§cSlowness IV (0:10)§r\n§9Resistance III (0:10)§r\n\n§5When Applied:§r\n§c-60%% Speed"
      },

      "minecraft:max_stack_size": 1,
      "minecraft:foil": true,
      "minecraft:stacked_by_data": true,
			"minecraft:use_duration": 1.0,
			"minecraft:use_animation": "none"
		}
	}
}