{
	"format_version": "1.16.100",
	"minecraft:item": {
		"description": {
			"identifier": "origins:temp_potion_of_leaping_long",
			"category": "Commands"
		},

		"components": {
			"minecraft:icon": {
        "texture": "potion_bottle_jump_boost"
      },
      "minecraft:display_name": {
        "value": "Potion of Leaping\n§9Jump Boost (8:00)§r"
      },

      "minecraft:max_stack_size": 1,
      "minecraft:foil": true,
      "minecraft:stacked_by_data": true,
			"minecraft:use_duration": 1.6,
			"minecraft:use_animation": "drink"
		}
	}
}