{
	"format_version": "1.16.100",
	"minecraft:item": {
		"description": {
			"identifier": "origins:temp_potion_of_slowness_potent",
			"category": "Commands"
		},

		"components": {
			"minecraft:icon": {
        "texture": "potion_bottle_slowness"
      },
      "minecraft:display_name": {
        "value": "Potion of Slowness\n§cSlowness IV (0:20)§r\n\n§5When Applied:§r\n§c-60%% Speed"
      },
		
      "minecraft:max_stack_size": 1,
      "minecraft:foil": true,
      "minecraft:stacked_by_data": true,
			"minecraft:use_duration": 1.6,
			"minecraft:use_animation": "drink"
		}
	}
}