{
	"format_version": "1.16.100",
	"minecraft:item": {
		"description": {
			"identifier": "origins:temp_splash_potion_of_turtle_master_potent",
			"category": "Commands"
		},

		"components": {
			"minecraft:icon": {
        "texture": "potion_splash_turtle_master"
      },
      "minecraft:display_name": {
        "value": "Splash Potion of the Turtle Master\n§cSlowness VI (0:15)§r\n§9Resistance IV (0:15)§r\n\n§5When Applied:§r\n§c-90%% Speed"
      },

      "minecraft:max_stack_size": 1,
      "minecraft:foil": true,
      "minecraft:stacked_by_data": true,
			"minecraft:use_duration": 1.0,
			"minecraft:use_animation": "none"
		}
	}
}