{
	"format_version": "1.16.100",
	"minecraft:item": {
		"description": {
			"identifier": "origins:temp_splash_potion_of_poison_potent",
			"category": "Commands"
		},

		"components": {
			"minecraft:icon": {
        "texture": "potion_splash_poison"
      },
      "minecraft:display_name": {
        "value": "Splash Potion of Poison\n§cPoison II (0:16)§r"
      },

      "minecraft:max_stack_size": 1,
      "minecraft:foil": true,
      "minecraft:stacked_by_data": true,
			"minecraft:use_duration": 1.0,
			"minecraft:use_animation": "none"
		}
	}
}