{
  "resource_pack_name": "origins",
  "texture_name": "atlas.items",
  "texture_data": {	
  	"orb_of_origins": { "textures": [ "textures/origins/items/orb" ] },
  	"resignation_paper": { "textures": [ "textures/origins/items/resignation_paper" ] },
		"origins_menu": { "textures": [ "textures/none" ] },

		"wooden_axe": { "textures": [ "textures/items/wood_axe" ] },
		"stone_axe": { "textures": [ "textures/items/stone_axe" ] },
		"iron_axe": { "textures": [ "textures/items/iron_axe" ] },
		"golden_axe": { "textures": [ "textures/items/gold_axe" ] },
		"diamond_axe": { "textures": [ "textures/items/diamond_axe" ] },
		"netherite_axe": { "textures": [ "textures/items/netherite_axe" ] },
		"wooden_hoe": { "textures": [ "textures/items/wood_hoe" ] },
		"stone_hoe": { "textures": [ "textures/items/stone_hoe" ] },
		"iron_hoe": { "textures": [ "textures/items/iron_hoe" ] },
		"golden_hoe": { "textures": [ "textures/items/gold_hoe" ] },
		"diamond_hoe": { "textures": [ "textures/items/diamond_hoe" ] },
		"netherite_hoe": { "textures": [ "textures/items/netherite_hoe" ] },
		"wooden_pickaxe": { "textures": [ "textures/items/wood_pickaxe" ] },
		"stone_pickaxe": { "textures": [ "textures/items/stone_pickaxe" ] },
		"iron_pickaxe": { "textures": [ "textures/items/iron_pickaxe" ] },
		"golden_pickaxe": { "textures": [ "textures/items/gold_pickaxe" ] },
		"diamond_pickaxe": { "textures": [ "textures/items/diamond_pickaxe" ] },
		"netherite_pickaxe": { "textures": [ "textures/items/netherite_pickaxe" ] },
		"wooden_shovel": { "textures": [ "textures/items/wood_shovel" ] },
		"stone_shovel": { "textures": [ "textures/items/stone_shovel" ] },
		"iron_shovel": { "textures": [ "textures/items/iron_shovel" ] },
		"golden_shovel": { "textures": [ "textures/items/gold_shovel" ] },
		"diamond_shovel": { "textures": [ "textures/items/diamond_shovel" ] },
		"netherite_shovel": { "textures": [ "textures/items/netherite_shovel" ] },
		"wooden_sword": { "textures": [ "textures/items/wood_sword" ] },
		"stone_sword": { "textures": [ "textures/items/stone_sword" ] },
		"iron_sword": { "textures": [ "textures/items/iron_sword" ] },
		"golden_sword": { "textures": [ "textures/items/gold_sword" ] },
		"diamond_sword": { "textures": [ "textures/items/diamond_sword" ] },
		"netherite_sword": { "textures": [ "textures/items/netherite_sword" ] },
		"leather_helmet": { "textures": [ "textures/items/leather_helmet" ] },
		"iron_helmet": { "textures": [ "textures/items/iron_helmet" ] },
		"golden_helmet": { "textures": [ "textures/items/gold_helmet" ] },
		"diamond_helmet": { "textures": [ "textures/items/diamond_helmet" ] },
		"netherite_helmet": { "textures": [ "textures/items/netherite_helmet" ] },
		"leather_chestplate": { "textures": [ "textures/items/leather_chestplate" ] },
		"iron_chestplate": { "textures": [ "textures/items/iron_chestplate" ] },
		"golden_chestplate": { "textures": [ "textures/items/gold_chestplate" ] },
		"diamond_chestplate": { "textures": [ "textures/items/diamond_chestplate" ] },
		"netherite_chestplate": { "textures": [ "textures/items/netherite_chestplate" ] },
		"leather_leggings": { "textures": [ "textures/items/leather_leggings" ] },
		"iron_leggings": { "textures": [ "textures/items/iron_leggings" ] },
		"golden_leggings": { "textures": [ "textures/items/gold_leggings" ] },
		"diamond_leggings": { "textures": [ "textures/items/diamond_leggings" ] },
		"netherite_leggings": { "textures": [ "textures/items/netherite_leggings" ] },
		"leather_boots": { "textures": [ "textures/items/leather_boots" ] },
		"iron_boots": { "textures": [ "textures/items/iron_boots" ] },
		"golden_boots": { "textures": [ "textures/items/gold_boots" ] },
		"diamond_boots": { "textures": [ "textures/items/diamond_boots" ] },
		"netherite_boots": { "textures": [ "textures/items/netherite_boots" ] },

		"potion_bottle_swiftness": { "textures": [ "textures/items/potion_bottle_moveSpeed" ] },
		"potion_bottle_slowness": { "textures": [ "textures/items/potion_bottle_moveSlowdown" ] },
		"potion_bottle_haste": { "textures": [ "textures/items/potion_bottle_digSpeed" ] },
		"potion_bottle_mining_fatigue": { "textures": [ "textures/items/potion_bottle_digSlowdown" ] },
		"potion_bottle_strength": { "textures": [ "textures/items/potion_bottle_damageBoost" ] },
		"potion_bottle_healing": { "textures": [ "textures/items/potion_bottle_heal" ] },
		"potion_bottle_harming": { "textures": [ "textures/items/potion_bottle_harm" ] },
		"potion_bottle_jump_boost": { "textures": [ "textures/items/potion_bottle_jump" ] },
		"potion_bottle_regeneration": { "textures": [ "textures/items/potion_bottle_regeneration" ] },
		"potion_bottle_resistance": { "textures": [ "textures/items/potion_bottle_resistance" ] },
		"potion_bottle_fire_resistance": { "textures": [ "textures/items/potion_bottle_fireResistance" ] },
		"potion_bottle_water_breathing": { "textures": [ "textures/items/potion_bottle_waterBreathing" ] },
		"potion_bottle_invisibility": { "textures": [ "textures/items/potion_bottle_invisibility" ] },
		"potion_bottle_blindness": { "textures": [ "textures/items/potion_bottle_blindness" ] },
		"potion_bottle_night_vision": { "textures": [ "textures/items/potion_bottle_nightVision" ] },
		"potion_bottle_hunger": { "textures": [ "textures/items/potion_bottle_hunger" ] },
		"potion_bottle_weakness": { "textures": [ "textures/items/potion_bottle_weakness" ] },
		"potion_bottle_poison": { "textures": [ "textures/items/potion_bottle_poison" ] },
		"potion_bottle_wither": { "textures": [ "textures/items/potion_bottle_wither" ] },
		"potion_bottle_levitation": { "textures": [ "textures/items/potion_bottle_levitation" ] },
		"potion_bottle_turtle_master": { "textures": [ "textures/items/potion_bottle_turtleMaster" ] },
		"potion_bottle_slow_falling": { "textures": [ "textures/items/potion_bottle_slowFall" ] },
		"potion_splash_swiftness": { "textures": [ "textures/items/potion_bottle_splash_moveSpeed" ] },
		"potion_splash_slowness": { "textures": [ "textures/items/potion_bottle_splash_moveSlowdown" ] },
		"potion_splash_haste": { "textures": [ "textures/items/potion_bottle_splash_digSpeed" ] },
		"potion_splash_mining_fatigue": { "textures": [ "textures/items/potion_bottle_splash_digSlowdown" ] },
		"potion_splash_strength": { "textures": [ "textures/items/potion_bottle_splash_damageBoost" ] },
		"potion_splash_healing": { "textures": [ "textures/items/potion_bottle_splash_heal" ] },
		"potion_splash_harming": { "textures": [ "textures/items/potion_bottle_splash_harm" ] },
		"potion_splash_jump_boost": { "textures": [ "textures/items/potion_bottle_splash_jump" ] },
		"potion_splash_regeneration": { "textures": [ "textures/items/potion_bottle_splash_regeneration" ] },
		"potion_splash_fire_resistance": { "textures": [ "textures/items/potion_bottle_splash_fireResistance" ] },
		"potion_splash_water_breathing": { "textures": [ "textures/items/potion_bottle_splash_waterBreathing" ] },
		"potion_splash_invisibility": { "textures": [ "textures/items/potion_bottle_splash_invisibility" ] },
		"potion_splash_blindness": { "textures": [ "textures/items/potion_bottle_splash_blindness" ] },
		"potion_splash_night_vision": { "textures": [ "textures/items/potion_bottle_splash_nightVision" ] },
		"potion_splash_hunger": { "textures": [ "textures/items/potion_bottle_splash_hunger" ] },
		"potion_splash_weakness": { "textures": [ "textures/items/potion_bottle_splash_weakness" ] },
		"potion_splash_poison": { "textures": [ "textures/items/potion_bottle_splash_poison" ] },
		"potion_splash_wither": { "textures": [ "textures/items/potion_bottle_splash_wither" ] },
		"potion_splash_turtle_naster": { "textures": [ "textures/items/potion_bottle_splash_turtleMaster" ] },
		"potion_splash_slow_falling": { "textures": [ "textures/items/potion_bottle_splash_slowFall" ] },
		"potion_lingering_swiftness": { "textures": [ "textures/items/potion_bottle_lingering_moveSpeed" ] },
		"potion_lingering_slowness": { "textures": [ "textures/items/potion_bottle_lingering_moveSlowdown" ] },
		"potion_lingering_strength": { "textures": [ "textures/items/potion_bottle_lingering_damageBoost" ] },
		"potion_lingering_healing": { "textures": [ "textures/items/potion_bottle_lingering_heal" ] },
		"potion_lingering_harming": { "textures": [ "textures/items/potion_bottle_lingering_harm" ] },
		"potion_lingering_jump_boost": { "textures": [ "textures/items/potion_bottle_lingering_jump" ] },
		"potion_lingering_regeneration": { "textures": [ "textures/items/potion_bottle_lingering_regeneration" ] },
		"potion_lingering_fire_resistance": { "textures": [ "textures/items/potion_bottle_lingering_fireResistance" ] },
		"potion_lingering_water_breathing": { "textures": [ "textures/items/potion_bottle_lingering_waterBreathing" ] },
		"potion_lingering_invisibility": { "textures": [ "textures/items/potion_bottle_lingering_invisibility" ] },
		"potion_lingering_night_vision": { "textures": [ "textures/items/potion_bottle_lingering_nightVision" ] },
		"potion_lingering_weakness": { "textures": [ "textures/items/potion_bottle_lingering_weakness" ] },
		"potion_lingering_poison": { "textures": [ "textures/items/potion_bottle_lingering_poison" ] },
		"potion_lingering_wither": { "textures": [ "textures/items/potion_bottle_lingering_wither" ] },
		"potion_lingering_turtle_master": { "textures": [ "textures/items/potion_bottle_lingering_turtleMaster" ] },
		"potion_lingering_slow_falling": { "textures": [ "textures/items/potion_bottle_lingering_slowFall" ] },

		"copper_hoe": { "textures": [ "textures/origins/items/copper_hoe" ] }
  }
}