{
	"format_version": "1.10.0",
	"particle_effect": {
		"description": {
			"identifier": "origins:star_leap_base",
			"basic_render_parameters": {
				"material": "particles_alpha",
				"texture": "textures/particle/particles"
			}
		},
		"components": {
			"minecraft:emitter_initialization": {
				"creation_expression": "variable.size = 0.07;variable.lifetime = 4;"
			},
			"minecraft:emitter_rate_instant": {
				"num_particles": 250
			},
			"minecraft:emitter_lifetime_once": {
				"active_time": 1
			},
			"minecraft:emitter_shape_disc": {
				"radius": 2.5,
				"direction": [0, -1, 0]
			},
			"minecraft:particle_lifetime_expression": {
				"max_lifetime": "variable.particle_random_1*variable.lifetime"
			},
			"minecraft:particle_initial_speed": "math.random(0.1, 0.5)",
			"minecraft:particle_motion_dynamic": {
				"linear_drag_coefficient": 1
			},
			"minecraft:particle_appearance_billboard": {
				"size": ["variable.size*(variable.particle_random_1*variable.lifetime-variable.particle_age)", "variable.size*(variable.particle_random_1*variable.lifetime-variable.particle_age)"],
				"facing_camera_mode": "rotate_xyz",
				"uv": {
					"texture_width": 128,
					"texture_height": 128,
					"flipbook": {
						"base_UV": [64, 0],
						"size_UV": [8, 8],
						"step_UV": [-8, 0],
						"frames_per_second": 1,
						"max_frame": 2,
						"stretch_to_lifetime": true
					}
				}
			},
			"minecraft:particle_appearance_tinting": {
				"color": {
					"interpolant": "(variable.particle_age*0.5)*variable.particle_random_1",
					"gradient": {
						"0.0": "#FFA300FF",
						"1.0": "#FF5C00FF"
					}
				}
			}
		}
	}
}