{
  "format_version": "1.10.0",
  "minecraft:client_entity": {
    "description": {
      "identifier": "minecraft:player",
      "materials": {
        "default": "entity_alphatest",
        "cape": "entity_alphatest",
        "animated": "player_animated"
      },
      "textures": {
        "default": "textures/entity/steve",
        "cape": "textures/entity/cape_invisible"
      },
      "geometry": {
        "default": "geometry.humanoid.custom",
        "cape": "geometry.cape"
      },
      "particle_effects": {
        "starborne_star": "origins:star",
        "starborne_meditate": "origins:star_meditate",
        "starborne_stress": "origins:star_stress"
      },
      "scripts": {
        "scale": "0.9375",
        "initialize": [
          "v.is_holding_right = 0.0;",
          "v.is_blinking = 0.0;",
          "v.last_blink_time = 0.0;",
          "v.hand_bob = 0.0;"
        ],
        "pre_animation": [
          "v.helmet_layer_visible = 1.0;",
          "v.leg_layer_visible = 1.0;",
          "v.boot_layer_visible = 1.0;",
          "v.chest_layer_visible = 1.0;",
          "v.attack_body_rot_y = Math.sin(360*Math.sqrt(v.attack_time)) * 5.0;",
          "v.tcos0 = (math.cos(q.modified_distance_moved * 38.17) * q.modified_move_speed / v.gliding_speed_value) * 57.3;",
          "v.first_person_rotation_factor = math.sin((1 - v.attack_time) * 180.0);",
          "v.hand_bob = q.life_time < 0.01 ? 0.0 : v.hand_bob + ((q.is_on_ground && q.is_alive ? math.clamp(math.sqrt(math.pow(q.position_delta(0), 2.0) + math.pow(q.position_delta(2), 2.0)), 0.0, 0.1) : 0.0) - v.hand_bob) * 0.02;",

          "v.map_angle = math.clamp(1 - v.player_x_rotation / 45.1, 0.0, 1.0);",
          "v.item_use_normalized = q.main_hand_item_use_duration / q.main_hand_item_max_duration;",

          "v.shulk_inventory_open = ((q.get_ride -> q.owner_identifier) == 'origins:shulk_inventory') ? 1.0 : 0.0;",
          "v.camera_adjusted = ((q.get_ride -> q.owner_identifier) == 'origins:camera') ? 1.0 : 0.0;"
        ],
        "animate": [
          "root",
          { "camera_offset": "v.camera_adjusted" },
          { "starborne_particles": "!v.is_paperdoll" }
        ]
      },
      "animations": {
        "root": "controller.animation.player.root",
        "base_controller": "controller.animation.player.base",
        "hudplayer": "controller.animation.player.hudplayer",
        "humanoid_base_pose": "animation.humanoid.base_pose",
        "look_at_target": "controller.animation.humanoid.look_at_target",
        "look_at_target_ui": "animation.player.look_at_target.ui",
        "look_at_target_default": "animation.humanoid.look_at_target.default",
        "look_at_target_gliding": "animation.humanoid.look_at_target.gliding",
        "look_at_target_swimming": "animation.humanoid.look_at_target.swimming",
        "look_at_target_inverted": "animation.player.look_at_target.inverted",
        "cape": "animation.player.cape",
        "move.arms": "animation.player.move.arms",
        "move.legs": "animation.player.move.legs",
        "swimming": "animation.player.swim",
        "swimming.legs": "animation.player.swim.legs",
        "riding.arms": "animation.player.riding.arms",
        "riding.legs": "animation.player.riding.legs",
        "holding": "animation.player.holding",
        "brandish_spear": "animation.humanoid.brandish_spear",
        "holding_spyglass": "animation.humanoid.holding_spyglass",
        "charging": "animation.humanoid.charging",
        "attack.positions": "animation.player.attack.positions",
        "attack.rotations": "animation.player.attack.rotations",
        "sneaking": "animation.player.sneaking",
        "bob": "animation.player.bob",
        "damage_nearby_mobs": "animation.humanoid.damage_nearby_mobs",
        "bow_and_arrow": "animation.humanoid.bow_and_arrow",
        "use_item_progress": "animation.humanoid.use_item_progress",
        "skeleton_attack": "animation.skeleton.attack",
        "sleeping": "animation.player.sleeping",
        "first_person_base_pose": "animation.player.first_person.base_pose",
        "first_person_empty_hand": "animation.player.first_person.empty_hand",
        "first_person_swap_item": "animation.player.first_person.swap_item",
        "first_person_shield_block": "animation.player.first_person.shield_block",
        "first_person_attack_controller": "controller.animation.player.first_person_attack",
        "first_person_attack_rotation": "animation.player.first_person.attack_rotation",
        "first_person_vr_attack_rotation": "animation.player.first_person.vr_attack_rotation",
        "first_person_walk": "animation.player.first_person.walk",
        "first_person_map_controller": "controller.animation.player.first_person_map",
        "first_person_map_hold": "animation.player.first_person.map_hold",
        "first_person_map_hold_attack": "animation.player.first_person.map_hold_attack",
        "first_person_map_hold_off_hand": "animation.player.first_person.map_hold_off_hand",
        "first_person_map_hold_main_hand": "animation.player.first_person.map_hold_main_hand",
        "first_person_crossbow_equipped": "animation.player.first_person.crossbow_equipped",
        "third_person_crossbow_equipped": "animation.player.crossbow_equipped",
        "third_person_bow_equipped": "animation.player.bow_equipped",
        "crossbow_hold": "animation.player.crossbow_hold",
        "crossbow_controller": "controller.animation.player.crossbow",
        "shield_block_main_hand": "animation.player.shield_block_main_hand",
        "shield_block_off_hand": "animation.player.shield_block_off_hand",
        "blink": "controller.animation.persona.blink",

        "camera_offset": "animation.player.camera_offset",
        "starborne_particles": "controller.animation.origin.particles.starborne"
      },
      "render_controllers": [
        { "controller.render.player.first_person": "v.is_first_person" },
        { "controller.render.player.third_person": "!v.is_first_person && !v.map_face_icon" },
        { "controller.render.player.map": "v.map_face_icon" }
      ],
      "enable_attachables": true
    }
  }
}
