{
  "format_version": "1.10.0",
  "minecraft:client_entity": {
    "description": {
      "identifier": "origins:starborne_projectile",
      "materials": {
        "default": "bat"
      },
      "textures": {
        "default": "textures/none"
      },
      "geometry": {
        "default": "geometry.bat"
      },
      "particle_effects": {
        "stars": "origins:star_projectile_stars",
        "trail": "origins:star_projectile_trail"
      },
      "scripts": {
        "scale": "0.1",
        "animate": [ "particles" ] 
      },
      "animations": {
        "particles": "controller.animation.origin.particles.starborne.shooting_star"
      },
      "render_controllers": [ "controller.render.bat" ]
    }
  }
}