{
	"format_version": "1.10.0",
	"particle_effect": {
		"description": {
			"identifier": "origins:cleric_splash_potion_strength",
			"basic_render_parameters": {
				"material": "particles_blend",
				"texture": "textures/particle/particles"
			}
		},
		"components": {
			"minecraft:emitter_initialization": {
				"creation_expression": "variable.size = math.random(0.1,0.2);variable.radius = 0.01;"
			},
			"minecraft:emitter_local_space": {
				"position": true,
				"rotation": true
			},
			"minecraft:emitter_rate_instant": {
				"num_particles": 50
			},
			"minecraft:emitter_lifetime_once": {
				"active_time": 5
			},
			"minecraft:emitter_shape_point": {
				"offset": ["variable.radius*-math.sin((variable.emitter_age)*90)", 0, "variable.radius*-math.sin((variable.emitter_age)*90)"]
			},
			"minecraft:particle_lifetime_expression": {
				"max_lifetime": "Math.random(1,2)"
			},
			"minecraft:particle_initial_spin": {
				"rotation_rate": -90
			},
			"minecraft:particle_initial_speed": "Math.random(40,160)/4",
			"minecraft:particle_motion_dynamic": {
				"linear_acceleration": [0, "math.random(1,2)", 0],
				"linear_drag_coefficient": 10
			},
			"minecraft:particle_appearance_billboard": {
				"size": ["(Math.pow((Math.sin((variable.particle_age+variable.particle_random_1)*360)),2)*0.5+0.5-variable.particle_age*0.125)*variable.size", "(Math.pow((Math.sin((variable.particle_age+variable.particle_random_1)*360)),2)*0.5+0.5-variable.particle_age*0.125)*variable.size"],
				"facing_camera_mode": "lookat_xyz",
				"uv": {
					"texture_width": 128,
					"texture_height": 128,
					"flipbook": {
						"base_UV": [64, 64],
						"size_UV": [8, 8],
						"step_UV": [-8, 0],
						"frames_per_second": 1,
						"max_frame": 8,
						"stretch_to_lifetime": true
					}
				}
			},
			"minecraft:particle_motion_collision": {
				"enabled": 1,
				"collision_drag": 1,
				"coefficient_of_restitution": 1,
				"collision_radius": 0.1,
				"expire_on_contact": true
			},
			"minecraft:particle_appearance_lighting": {},
			"minecraft:particle_appearance_tinting": {
				"color": {
					"interpolant": "variable.particle_age",
					"gradient": {
						"0.0": "#FFFF6868",
						"1.0": "#FFE60000"
					}
				}
			}
		}
	}
}
