{
	"format_version": "1.10.0",
	"particle_effect": {
		"description": {
			"identifier": "origins:cleric_splash_bottle_break",
			"basic_render_parameters": {
				"material": "particles_alpha",
				"texture": "textures/items/potion_bottle_empty"
			}
		},
		"components": {
			"minecraft:emitter_initialization": {
				"creation_expression": "variable.size = 1.0;variable.speed = 0.8;"
			},
			"minecraft:emitter_rate_instant": {
				"num_particles": 20
			},
			"minecraft:emitter_lifetime_once": {
				"active_time": 1
			},
			"minecraft:emitter_shape_point": {
				"direction": ["Math.Random(-1.0, 1.0)", "Math.Random(0.0, 1.0)", "Math.Random(-1.0, 1.0)"]
			},
			"minecraft:particle_lifetime_expression": {
				"max_lifetime": "0.2 / (Math.random(0.0, 1.0) * 0.9 + 0.1)"
			},
			"minecraft:particle_initial_speed": "Math.random(1, 4) * variable.speed",
			"minecraft:particle_motion_dynamic": {
				"linear_acceleration": [0, -9.8, 0],
				"linear_drag_coefficient": 0.5
			},
			"minecraft:particle_appearance_billboard": {
				"size": ["(variable.particle_random_1 * 0.04 + 0.04) * variable.size", "(variable.particle_random_1 * 0.04 + 0.04) * variable.size"],
				"facing_camera_mode": "lookat_xyz",
				"uv": {
					"texture_width": 16,
					"texture_height": 16,
					"uv": [6, 7],
					"uv_size": [2, 2]
				}
			},
			"minecraft:particle_motion_collision": {
				"collision_drag": 5,
				"coefficient_of_restitution": 0.1,
				"collision_radius": 0.01
			},
			"minecraft:particle_appearance_lighting": {},
			"minecraft:particle_appearance_tinting": {
				"color": {
					"interpolant": "variable.particle_random_1",
					"gradient": {
						"0.0": "#ffffffff",
						"1.0": "#FF8FDFFF"
					}
				}
			}
		}
	}
}