{
	"format_version": "1.10.0",
	"particle_effect": {
		"description": {
			"identifier": "origins:lumberjack_dig_down",
			"basic_render_parameters": {
				"material": "particles_alpha",
				"texture": "textures/particle/particles"
			}
		},
		"components": {
			"minecraft:emitter_initialization": {
				"creation_expression": "variable.lifetime = 0.5;variable.size = math.random(0.3,0.4);variable.box_size = 0.4;"
			},
			"minecraft:emitter_local_space": {
				"position": true,
				"rotation": true
			},
			"minecraft:emitter_rate_instant": {
				"num_particles": 25
			},
			"minecraft:emitter_lifetime_looping": {
				"active_time": 1
			},
			"minecraft:emitter_shape_box": {
				"offset": [0, "variable.box_size", 0],
				"half_dimensions": ["variable.box_size", "variable.box_size", "variable.box_size"],
				"surface_only": true,
				"direction": [0, -1, 0]
			},
			"minecraft:particle_lifetime_expression": {
				"max_lifetime": "variable.particle_random_1*variable.lifetime"
			},
			"minecraft:particle_initial_speed": 1,
			"minecraft:particle_motion_dynamic": {},
			"minecraft:particle_appearance_billboard": {
				"size": ["variable.size*(variable.particle_random_1*variable.lifetime-variable.particle_age)", "variable.size*(variable.particle_random_1*variable.lifetime-variable.particle_age)"],
				"facing_camera_mode": "rotate_xyz",
				"uv": {
					"texture_width": 128,
					"texture_height": 128,
					"flipbook": {
						"base_UV": [16, 32],
						"size_UV": [8, 8],
						"step_UV": [-8, 0],
						"frames_per_second": 2,
						"max_frame": 2,
						"stretch_to_lifetime": true
					}
				}
			},
			"minecraft:particle_appearance_tinting": {
				"color": [1, 0.75294, 0.21961, 1]
			}
		}
	}
}