{
  "hud_title_text": {
    "ignored": "(not (($title_text - 'origins.') = $title_text))"
  },

  "hud_actionbar_text": {
    "ignored": "(not (($actionbar_text - 'origins.') = $actionbar_text))"
  },

  "item_name_text_root": {
    "layer": 151
  },

  "chat_grid_item/chat_background": {
    "size": [ "100%", "100%cm" ],
    "alpha": 0.0,
    "anims": [],
    "controls": [
      {
        "chat_background_controlled": {
          "type": "image",
          "texture": "textures/ui/Black",
          "alpha": 0.7,
          "size": [ "100%", "100%c" ],
          "anims": [ "@hud.anim_chat_bg_wait" ],
          "controls": [
            {
              "chat_text@chat_label": {
                "anchor_from": "top_left",
                "anchor_to": "top_left",
                "offset": [ 2, 0 ]
              }
            }
          ]
        }
      }
    ],
    "bindings": [
      {
        "binding_type": "collection",
        "binding_name": "#chat_text",
        "binding_name_override": "#text",
        "binding_collection_name": "chat_text_grid"
      },
      {
        "binding_type": "view",
        "source_property_name": "(#text = '')",
        "target_property_name": "#propagateAlpha"
      }
    ]
  },

  "hotbar_panel": {
    "type": "stack_panel",
    "orientation": "horizontal",
    "size": [ "100%c", 22 ],
    "anchor_from": "bottom_middle",
    "anchor_to": "bottom_middle",
    "controls": [
      { "hotbar_elipses_panel_left@hud.hotbar_elipses_panel_left": {} },
      { "hotbar_grid@hud.hotbar_grid_custom": {} },
      { "hotbar_elipses_panel_right@hud.hotbar_elipses_panel_right": {} }
    ]
  },

  "hotbar_alternate_hover_sway_01": {
    "anim_type": "offset",
    "easing": "linear",
    "duration": 0.1,
    "from": [ 0, -1 ],
    "to": [ 0, 0 ],
    "next": "@hud.hotbar_alternate_hover_sway_02"
  },
  "hotbar_alternate_hover_sway_02": {
    "anim_type": "offset",
    "easing": "linear",
    "duration": 0.2,
    "from": [ 0, 0 ],
    "to": [ 0, 1.0 ],
    "next": "@hud.hotbar_alternate_hover_sway_03"
  },
  "hotbar_alternate_hover_sway_03": {
    "anim_type": "wait",
    "duration": 0.2,
    "next": "@hud.hotbar_alternate_hover_sway_01"
  },

  "hotbar_alternate_hover_image@hud.hotbar_slot_selected_image": {
    "offset": "@hud.hotbar_alternate_hover_sway_01",
    "texture": "textures/ui/selected_hotbar_slot_alternate"
  },

  "hotbar_grid_custom": {
    "type": "stack_panel",
    "orientation": "horizontal",
    "size": [ "100%c", "100%" ],
    "$hotbar_collection_name|default": "hotbar_items",
    "collection_name": "$hotbar_collection_name",
    "controls": [
      {
        "slot_0@hud.gui_hotbar_grid_item_custom": {
          "collection_index": 0,
          "$slot_count": "0"
        }
      },
      {
        "slot_1@hud.gui_hotbar_grid_item_custom": {
          "collection_index": 1,
          "$slot_count": "1"
        }
      },
      {
        "slot_2@hud.gui_hotbar_grid_item_custom": {
          "collection_index": 2,
          "$slot_count": "2"
        }
      },
      {
        "slot_3@hud.gui_hotbar_grid_item_custom": {
          "collection_index": 3,
          "$slot_count": "3"
        }
      },
      {
        "slot_4@hud.gui_hotbar_grid_item_custom": {
          "collection_index": 4,
          "$slot_count": "4"
        }
      },
      {
        "slot_5@hud.gui_hotbar_grid_item_custom": {
          "collection_index": 5,
          "$slot_count": "5"
        }
      },
      {
        "slot_6@hud.gui_hotbar_grid_item_custom": {
          "collection_index": 6,
          "$slot_count": "6"
        }
      },
      {
        "slot_7@hud.gui_hotbar_grid_item_custom": {
          "collection_index": 7,
          "$slot_count": "7"
        }
      },
      {
        "slot_8@common.empty_panel": {
          "collection_index": 8,
          "$slot_count": "8",

          "size": [ 20, 22 ],
          "$alternate_hover_image": true,
          "controls": [
            {
              "origins_menu_unhovered@hud.gui_hotbar_grid_item_custom": {
                "bindings": [
                  {
                    "binding_name": "#slot_selected",
                    "binding_type": "collection",
                    "binding_collection_name": "$hotbar_collection_name"
                  },
                  {
                    "binding_type": "view",
                    "source_property_name": "(not #slot_selected)",
                    "target_property_name": "#visible"
                  }
                ]
              }
            },
            {
              "origins_menu_hovered@hud.gui_hotbar_grid_item_custom": {
                "allow_clipping": false,
                "bindings": [
                  {
                    "binding_name": "#slot_selected",
                    "binding_type": "collection",
                    "binding_collection_name": "$hotbar_collection_name"
                  },
                  {
                    "binding_type": "view",
                    "source_property_name": "#slot_selected",
                    "target_property_name": "#visible"
                  }
                ]
              }
            }
          ]
        }
      }
    ]
  },

  "gui_hotbar_grid_item_custom": {
    "type": "panel",
    "layer": 1,
    "size": [ 20, 22 ],
    "anchor_to": "top_left",
    "anchor_from": "top_left",

    "$stack_count_required|default": true,
    "$durability_bar_required|default": true,
    "$alternate_hover_image|default": false,

    "controls": [
      {
        "hotbar_slot_selected_image@hotbar_slot_selected_image": {
          "ignored": "$alternate_hover_image"
        }
      },
      {
        "hotbar_alternate_hover_image@hotbar_alternate_hover_image": {
          "ignored": "(not $alternate_hover_image)"
        }
      },
      {
        "hotbar_renderer_slot@hud.hotbar_slot_image": {
          "$slot_count|default": 0,
          "$set_texture|default": "('textures/ui/hotbar_' + $slot_count)",

          "texture": "$set_texture",
          "layer": 3,
          "variables": {
            "requires": "($slot_count = '8')",
            "$set_texture": "textures/ui/custom_hotbar_8"
          }
        }
      },
      {
        "hotbar_parent": {
          "type": "panel",
          "size": [ "100% - 2px", "100% - 4px" ],
          "controls": [
            {
              "item_icon@hotbar_hud_item_icon": {
                "layer": 4,
                "size": [ "100% - 2px", "100% - 2px" ]
              }
            },
            {
              "item_count@common.stack_count_label": {
                "layer": 5,
                "$item_collection_name": "$hotbar_collection_name",
                "$stack_count_collection_name": "$hotbar_collection_name",
                "bindings": [
                  {
                    "binding_name": "#inventory_stack_count",
                    "binding_type": "collection",
                    "binding_collection_name": "$stack_count_collection_name"
                  },
                  {
                    "binding_name": "#stack_count_visible",
                    "binding_name_override": "#visible",
                    "binding_type": "collection",
                    "binding_collection_name": "$stack_count_collection_name"
                  }
                ]
              }
            },
            {
              "item_dura@item_durability": {
                "layer": 6
              }
            },
            {
              "container_item_lock_overlay@hud.container_item_lock_overlay": {
                "layer": 7,
                "size": [ "100% - 2px", "100% - 2px" ]
              }
            }
          ]
        }
      },
      { "cooldown_renderer@cooldown_renderer": { "layer": 11 } },
      { "hotbar_slot_button@gui_hotbar_slot_button_prototype": { } }
    ]
  },

  "root_panel": {
    "modifications": [
      {
        "array_name": "controls",
        "operation": "insert_front",
        "value": [
          {
            "trait_cooldown_bar": {
              "type": "panel",
              "factory": {
                "name": "hud_title_text_factory",
                "control_ids": {
                  "hud_title_text": "panel_control@origin_cooldown_bar.cooldown_bar_offset_control"
                }
              }
            }
          },
          {
            "trait_shulk_inventory_access": {
              "type": "panel",
              "factory": {
                "name": "hud_title_text_factory",
                "control_ids": {
                  "hud_title_text": "panel_control@origin_shulk_inventory.shulk_inventory_display_access_icon"
                }
              }
            }
          },
          {
            "hud_effects": {
              "type": "panel",
              "factory": {
                "name": "hud_actionbar_text_factory",
                "control_ids": {
                  "hud_actionbar_text": "panel_control@origin_hud_effects.hud_effects_list"
                }
              }
            }
          }
        ]
      }
    ]
  },

  "hud_screen@common.base_screen": {
    "cache_screen": true,
    "low_frequency_rendering": true
  }
}