{
  "format_version": "1.16.100",
  "minecraft:item": {
    "description": {
      "identifier": "origins:blacksmith_golden_shovel",
      "category": "Commands"
    },
    
    "components": {
      "minecraft:icon": {
        "texture": "golden_shovel"
      },
      "minecraft:display_name": {
        "value": "origins.item.blacksmith.golden_shovel.name"
      },
      "minecraft:damage": 2,
      "minecraft:enchantable": {
        "slot": "shovel",
        "value": 20
      },
      "minecraft:durability": {
        "max_durability": 32,
        "damage_chance": {
          "min": 1,
          "max": 2
        }
      },
      "minecraft:repairable": {
        "repair_items": [
          {
            "repair_amount": "c.other -> q.remaining_durability + 0.10 * c.other -> q.max_durability",
            "items": [
              "origins:blacksmith_golden_shovel",
              "origins:blacksmith_golden_shovel"
            ]
          },
          {
            "repair_amount": "c.other -> q.remaining_durability + 0.05 * c.other -> q.max_durability",
            "items": [
              "minecraft:golden_shovel",
              "origins:blacksmith_golden_shovel"
            ]
          },
          {
            "items": [ "minecraft:gold_ingot", "minecraft:golden_shovel" ],
            "repair_amount": 11
          },
          {
            "items": [ "minecraft:gold_nugget" ],
            "repair_amount": 1
          },
          {
            "items": [ "origins:blacksmith_golden_shovel" ],
            "repair_amount": 32
          }
        ]
      },
      "minecraft:digger": {
        "use_efficiency": true,
        "destroy_speeds": [
          {
            "block": { "tags": "query.any_tag('dirt','sand','gravel','grass','snow')" },
            "speed": 14,
            "on_dig": { "event": "origins:damage_on_block_break_select" }
          }
        ],
        "on_dig": {
          "event": "origins:damage_on_block_break_any"
        }
      },
      "minecraft:weapon": {
        "on_hurt_entity": {
          "event": "origins:damage_on_attack_entity",
          "target": "self"
        }
      },

      "tag:minecraft:is_shovel": {},
      "tag:origins:blacksmith_forged": {},

      "minecraft:max_stack_size": 1,
      "minecraft:foil": true,
      "minecraft:stacked_by_data": true,
      "minecraft:hand_equipped": true,
      "minecraft:explodable": false
    },

    "events": {
      "on_tool_used": {
        "sequence":[
          {
            "damage": { 
              "type": "durability", 
              "amount": 1
            }
          },
          {
            "run_command": {
              "command": [ "particle origins:blacksmiths_dig ~~~" ],
              "target": "block"
            }
          }
        ]
      },
      "origins:damage_on_block_break_any": {
        "damage": { 
          "type": "durability", 
          "amount": 1
        }
      },
      "origins:damage_on_block_break_select": {
        "sequence":[
          {
            "damage": { 
              "type": "durability", 
              "amount": 1
            }
          },
          {
            "run_command": {
              "command": [ "particle origins:blacksmiths_dig ~~~" ],
              "target": "block"
            }
          }
        ]
      },
      "origins:damage_on_attack_entity": {
        "damage": { 
          "type": "durability", 
          "amount": 2
        }
      }
    }
  }
}