{
  "format_version": "1.16.100",
  "minecraft:item": {
    "description": {
      "identifier": "origins:blacksmith_golden_boots",
      "category": "Commands"
    },

    "components": {
      "minecraft:icon": {
        "texture": "golden_boots"
      },
      "minecraft:display_name": {
        "value": "origins.item.blacksmith.golden_boots.name"
      },

      "minecraft:armor": {
        "protection": 1
      },
      "minecraft:enchantable": {
        "slot": "armor_feet",
        "value": 20
      },
      "minecraft:durability": {
        "max_durability": 137,
        "damage_chance": {
          "min": 1,
          "max": 2
        }
      },
      "minecraft:repairable": {
        "repair_items": [
          {
            "repair_amount": "c.other -> q.remaining_durability + 0.10 * c.other -> q.max_durability",
            "items": [
              "origins:blacksmith_golden_boots",
              "origins:blacksmith_golden_boots"
            ]
          },
          {
            "repair_amount": "c.other -> q.remaining_durability + 0.05 * c.other -> q.max_durability",
            "items": [
              "minecraft:golden_boots",
              "origins:blacksmith_golden_boots"
            ]
          },
          {
            "items": [ "minecraft:gold_ingot" ],
            "repair_amount": "q.max_durability * 0.25"
          },
          {
            "items": [ "origins:blacksmith_golden_boots" ],
            "repair_amount": "q.max_durability"
          }
        ]
      },
      "minecraft:wearable": {
        "slot": "slot.armor.feet"
      },

      "tag:minecraft:is_armor": {},
      "tag:origins:blacksmith_forged": {},

      "minecraft:max_stack_size": 1,
      "minecraft:foil": true,
      "minecraft:stacked_by_data": true,
      "minecraft:explodable": false
    }
  }
}