{
  "format_version": "1.16.100",
  "minecraft:item": {
    "description": {
      "identifier": "origins:blacksmith_iron_sword",
      "category": "Commands"
    },

    "components": {
      "minecraft:icon": {
        "texture": "iron_sword"
      },
      "minecraft:display_name": {
        "value": "origins.item.blacksmith.iron_sword.name"
      },
      "minecraft:damage": 8,
      "minecraft:enchantable": {
        "slot": "sword",
        "value": 20
      },
      "minecraft:durability": {
        "max_durability": 251,
        "damage_chance": {
          "min": 1,
          "max": 2
        }
      },
      "minecraft:repairable": {
        "repair_items": [
          {
            "repair_amount": "c.other -> q.remaining_durability + 0.10 * c.other -> q.max_durability",
            "items": [
              "origins:blacksmith_iron_sword",
              "origins:blacksmith_iron_sword"
            ]
          },
          {
            "repair_amount": "c.other -> q.remaining_durability + 0.05 * c.other -> q.max_durability",
            "items": [
              "minecraft:iron_sword",
              "origins:blacksmith_iron_sword"
            ]
          },
          {
            "items": [ "minecraft:iron_ingot", "minecraft:iron_sword" ],
            "repair_amount": 94
          },
          {
            "items": [ "minecraft:iron_nugget" ],
            "repair_amount": 10
          },
          {
            "items": [ "origins:blacksmith_iron_sword" ],
            "repair_amount": 251
          }
        ]
      },
      "minecraft:digger": {
        "destroy_speeds": [
          { "block": "minecraft:web", "speed": 16, "on_dig": { "event": "origins:damage_select_block_break" } },
          { "block": "minecraft:bamboo", "speed": 16, "on_dig": { "event": "origins:damage_select_block_break" } },
          { "block": "minecraft:pumpkin", "speed": 6, "on_dig": { "event": "origins:damage_select_block_break" } },
          { "block": "minecraft:carved_pumpkin", "speed": 6, "on_dig": { "event": "origins:damage_select_block_break" } },
          { "block": "minecraft:lit_pumpkin", "speed": 6, "on_dig": { "event": "origins:damage_select_block_break" } },
          { "block": "minecraft:cocoa", "speed": 18, "on_dig": { "event": "origins:damage_select_block_break" } },
          { "block": "minecraft:leaves", "speed": 16, "on_dig": { "event": "origins:damage_select_block_break" } },
          { "block": "minecraft:leaves2", "speed": 16, "on_dig": { "event": "origins:damage_select_block_break" } },
          { "block": "minecraft:hay_block", "speed": 12, "on_dig": { "event": "origins:damage_select_block_break" } }
        ],
        "on_dig": {
          "event": "origins:damage_any_block_break"
        }
      },
      "minecraft:weapon": {
        "on_hurt_entity": {
          "event": "origins:smite_entity",
          "target": "self"
        }
      },
      "minecraft:can_destroy_in_creative": false,

      "tag:minecraft:is_sword": {},
      "tag:origins:blacksmith_forged": {},

      "minecraft:max_stack_size": 1,
      "minecraft:foil": true,
      "minecraft:stacked_by_data": true,
      "minecraft:hand_equipped": true,
      "minecraft:explodable": false
    },

    "events": {
      "on_tool_used": {
        "sequence":[
          {
            "damage": { 
              "type": "durability", 
              "amount": 1
            }
          },
          {
            "run_command": {
              "command": [ "particle origins:blacksmiths_dig ~~~" ],
              "target": "block"
            }
          }
        ]
      },
      "origins:damage_any_block_break": {
        "damage": { 
          "type": "durability", 
          "amount": 2
        }
      },
      "origins:damage_select_block_break": {
        "damage": { 
          "type": "durability", 
          "amount": 1 
        }
      },
      "origins:smite_entity": {
        "sequence": [
          {
            "run_command": {
              "command": [ "particle origins:blacksmiths_smite ~~0.1~" ],
              "target": "other"
            }
          },
          {
            "randomize": [
              { "weight": 1, "damage": { "type": "durability",  "amount": 1 } },
              { "weight": 1, "damage": { "type": "durability",  "amount": 2 } }
            ]
          }
        ]
      }
    }
  }
}