{
  "format_version": "1.16.100",
  "minecraft:item": {
    "description": {
      "identifier": "origins:blacksmith_netherite_pickaxe",
      "category": "Commands"
    },
    
    "components": {
      "minecraft:icon": {
        "texture": "netherite_pickaxe"
      },
      "minecraft:display_name": {
        "value": "origins.item.blacksmith.netherite_pickaxe.name"
      },
      "minecraft:damage": 6,
      "minecraft:enchantable": {
        "slot": "pickaxe",
        "value": 20
      },
      "minecraft:durability": {
        "max_durability": 2031,
        "damage_chance": {
          "min": 1,
          "max": 2
        }
      },
      "minecraft:repairable": {
        "repair_items": [
          {
            "repair_amount": "c.other -> q.remaining_durability + 0.10 * c.other -> q.max_durability",
            "items": [
              "origins:blacksmith_netherite_pickaxe",
              "origins:blacksmith_netherite_pickaxe"
            ]
          },
          {
            "repair_amount": "c.other -> q.remaining_durability + 0.05 * c.other -> q.max_durability",
            "items": [
              "minecraft:netherite_pickaxe",
              "origins:blacksmith_netherite_pickaxe"
            ]
          },
          {
            "items": [ "minecraft:netherite_ingot", "minecraft:netherite_pickaxe" ],
            "repair_amount": 762
          },
          {
            "items": [ "origins:blacksmith_netherite_pickaxe" ],
            "repair_amount": 2031
          }
        ]
      },
      "minecraft:digger": {
        "use_efficiency": true,
        "destroy_speeds": [
          {
            "block": { "tags": "query.any_tag('stone','rail','mob_spawner')" },
            "speed": 22,
            "on_dig": { "event": "origins:damage_on_block_break_select" }
          },
          {
            "block": "minecraft:copper_ore",
            "speed": 22,
            "on_dig": { "event": "origins:damage_on_block_break_select" }
          },
          {
            "block": "minecraft:tuff",
            "speed": 22,
            "on_dig": { "event": "origins:damage_on_block_break_select" }
          },
          {
            "block": "minecraft:calcite",
            "speed": 22,
            "on_dig": { "event": "origins:damage_on_block_break_select" }
          },
          {
            "block": "minecraft:amethyst_block",
            "speed": 22,
            "on_dig": { "event": "origins:damage_on_block_break_select" }
          },
          {
            "block": "minecraft:shulker_box",
            "speed": 22
          },
          {
            "block": "minecraft:undyed_shulker_box",
            "speed": 22
          },


          {
            "block": { "tags": "query.any_tag('metal')" },
            "speed": 20,
            "on_dig": { "event": "origins:damage_on_block_break_select" }
          },


          {
            "block": { "tags": "query.any_tag('iron_pick_diggable')" },
            "speed": 18,
            "on_dig": { "event": "origins:damage_on_block_break_select" }
          },
          {
            "block": "minecraft:ice",
            "speed": 18,
            "on_dig": { "event": "origins:damage_on_block_break_select" }
          },
          {
            "block": "minecraft:frosted_ice",
            "speed": 18,
            "on_dig": { "event": "origins:damage_on_block_break_select" }
          },
          {
            "block": "minecraft:packed_ice",
            "speed": 18,
            "on_dig": { "event": "origins:damage_on_block_break_select" }
          },
          {
            "block": "minecraft:blue_ice",
            "speed": 18,
            "on_dig": { "event": "origins:damage_on_block_break_select" }
          },


          {
            "block": { "tags": "query.any_tag('diamond_pick_diggable')" },
            "speed": 16,
            "on_dig": { "event": "origins:damage_on_block_break_select" }
          },
          {
            "block": "minecraft:deepslate",
            "speed": 16,
            "on_dig": { "event": "origins:damage_on_block_break_select" }
          },
          {
            "block": "minecraft:polished_deepslate",
            "speed": 16,
            "on_dig": { "event": "origins:damage_on_block_break_select" }
          },
          {
            "block": "minecraft:netherite_block",
            "speed": 16,
            "on_dig": { "event": "origins:damage_on_block_break_select" }
          }
        ],
        "on_dig": {
          "event": "origins:damage_on_block_break_any"
        }
      },
      "minecraft:weapon": {
        "on_hurt_entity": {
          "event": "origins:damage_on_attack_entity",
          "target": "self"
        }
      },

      "tag:minecraft:is_pickaxe": {},
      "tag:origins:blacksmith_forged": {},

      "minecraft:max_stack_size": 1,
      "minecraft:foil": true,
      "minecraft:stacked_by_data": true,
      "minecraft:hand_equipped": true,
      "minecraft:explodable": false
    },

    "events": {
      "on_tool_used": {
        "sequence":[
          {
            "damage": { 
              "type": "durability", 
              "amount": 1
            }
          },
          {
            "run_command": {
              "command": [ "particle origins:blacksmiths_dig ~~~" ],
              "target": "block"
            }
          }
        ]
      },
      "origins:damage_on_block_break_any": {
        "damage": { 
          "type": "durability", 
          "amount": 1
        }
      },
      "origins:damage_on_block_break_select": {
        "sequence":[
          {
            "damage": { 
              "type": "durability", 
              "amount": 1
            }
          },
          {
            "run_command": {
              "command": [ "particle origins:blacksmiths_dig ~~~" ],
              "target": "block"
            }
          }
        ]
      },
      "origins:damage_on_attack_entity": {
        "damage": { 
          "type": "durability", 
          "amount": 2
        }
      }
    }
  }
}