{
  "format_version": "1.16.100",
  "minecraft:item": {
    "description": {
      "identifier": "origins:origins_menu",
      "category": "Items"
    },

    "components": {
      "minecraft:icon": {
        "texture": "origins_menu"
      },
      "minecraft:display_name": {
        "value": " "
      },
      "minecraft:max_stack_size": 1,
      "minecraft:foil": false,
      "minecraft:use_animation": "bow",
      "minecraft:food": {
        "saturation_modifier": "low",
        "can_always_eat": true
      },
      "minecraft:explodable": false
    }
  }
}