{
  "format_version": "1.12",
  "minecraft:recipe_shapeless": {
    "description": {
    "identifier": "minecraft:rabbit_stew_from_brown_mushroom"
    },

    "tags": [ "crafting_table" ],
    "group": "rabbit_stew",
    "ingredients": [
      {
        "item": "minecraft:bowl"
      },
      {
        "item": "minecraft:baked_potato"
      },
      {
        "item": "minecraft:carrot"
      },
      {
        "item": "minecraft:brown_mushroom"
      },
      {
        "item": "minecraft:cooked_rabbit"
      }
    ],
    "result": {
      "item": "origins:temp_rabbit_stew"
    }
  }
}
