{
  "format_version": "1.12",
  "minecraft:recipe_shapeless": {
    "description": {
    "identifier": "minecraft:suspicious_stew_from_oxeye_daisy"
    },
    
    "tags": [ "crafting_table" ],
    "ingredients": [
      {
        "item": "minecraft:brown_mushroom"
      },
      {
        "item": "minecraft:red_mushroom"
      },
      {
        "item": "minecraft:bowl"
      },
      {
        "item": "minecraft:red_flower",
        "data": 8
      }
    ],
    "result": {
      "item": "origins:temp_suspicious_stew_regeneration"
    }
  }
}
