{
	"format_version": "1.16.100",
	"minecraft:item": {
		"description": {
			"identifier": "origins:uneatable_beetroot",
			"category": "Commands"
		},

		"components": {
			"minecraft:icon": {
        "texture": "beetroot"
      },
      "minecraft:display_name": {
        "value": "item.beetroot.name"
      },

			"minecraft:block_placer": {
				"block": "minecraft:beetroot",
				"use_block_description": true,
				"use_on": [ "minecraft:farmland" ]
			},

      "minecraft:max_stack_size": 64,
      "minecraft:foil": false,
      "minecraft:stacked_by_data": false
		}
	}
}