{
	"format_version": "1.16.100",
	"minecraft:item": {
		"description": {
			"identifier": "origins:uneatable_sweet_berries",
			"category": "Commands"
		},

		"components": {
			"minecraft:icon": {
        "texture": "sweet_berries"
      },
      "minecraft:display_name": {
        "value": "item.sweet_berries.name"
      },

			"minecraft:block_placer": {
				"block": "minecraft:sweet_berry_bush",
				"use_block_description": true,
				"use_on": [
					"minecraft:grass",
					"minecraft:dirt"
				]
			},

      "minecraft:max_stack_size": 64,
      "minecraft:foil": false,
      "minecraft:stacked_by_data": false
		}
	}
}