{
  "format_version": "1.14",
  "minecraft:npc_dialogue": {
    "scenes": [
      {
        "scene_tag": "controls_ability_powerless",
        "npc_name": "system",
        "text": "origin.ability_control.none",
        "buttons": [
          {
            "name": "cancel", "commands": [
              "/tag @initiator add remove_npc_on_move",
              "/tag @initiator remove use_ability",
              "/event entity @initiator minecraft:disable_npc_dialogue_to_self"
            ]
          }
        ]
      },

      {
        "scene_tag": "controls_ability_enderian",
        "npc_name": "system",
        "text": "origin.ability_control",
        "buttons": [
          {
            "name": "cancel", "commands": [
              "/tag @initiator add remove_npc_on_move",
              "/tag @initiator remove use_ability",
              "/event entity @initiator minecraft:disable_npc_dialogue_to_self"
            ]
          },
          { 
            "name": "enderian.1", 
            "commands": [
              "/playsound note.bass @initiator[tag=\"traitCd\"] ~~~ 0.8 1.2",
              "/dialogue open @initiator @initiator[tag=\"traitCd\"] controls_ability_enderian",

              "/scoreboard players set @initiator[tag=!\"traitCd\"] ctrl 1"
            ]
          }
        ]
      },

      {
        "scene_tag": "controls_ability_shulk",
        "npc_name": "system",
        "text": "origin.ability_control",
        "buttons": [
          {
            "name": "cancel", "commands": [
              "/tag @initiator add remove_npc_on_move",
              "/tag @initiator remove use_ability",
              "/event entity @initiator minecraft:disable_npc_dialogue_to_self"
            ]
          },
          {
            "name": "shulk.1", 
            "commands": [
              "/playsound note.bass @initiator[tag=\"traitCd\"] ~~~ 0.8 1.2",
              "/dialogue open @initiator @initiator[tag=\"traitCd\"] controls_ability_shulk",

              "/scoreboard players set @initiator[tag=!\"traitCd\"] ctrl 1",

              "/tag @initiator[tag=!\"traitCd\"] add remove_npc_on_move",
              "/tag @initiator[tag=!\"traitCd\"] remove use_ability",
              "/event entity @initiator[tag=!\"traitCd\"] minecraft:disable_npc_dialogue_to_self",

              "/tag @initiator add traitCd"
            ]
          }
        ]
      },

      {
        "scene_tag": "controls_ability_elytrian",
        "npc_name": "system",
        "text": "origin.ability_control",
        "buttons": [
          {
            "name": "cancel", "commands": [
              "/tag @initiator add remove_npc_on_move",
              "/tag @initiator remove use_ability",
              "/event entity @initiator minecraft:disable_npc_dialogue_to_self"
            ]
          },
          { 
            "name": "elytrian.1",
            "commands": [
              "/playsound note.bass @initiator[tag=\"traitCd\"] ~~~ 0.8 1.2",
              "/dialogue open @initiator @initiator[tag=\"traitCd\"] controls_ability_elytrian",

              "/scoreboard players set @initiator[tag=!\"traitCd\"] ctrl 1",

              "/tag @initiator[tag=!\"traitCd\"] add remove_npc_on_move",
              "/tag @initiator[tag=!\"traitCd\"] remove use_ability",
              "/event entity @initiator[tag=!\"traitCd\"] minecraft:disable_npc_dialogue_to_self",

              "/tag @initiator add traitCd"
            ]
          }
        ]
      },

      {
        "scene_tag": "controls_ability_blazeborn",
        "npc_name": "system",
        "text": "origin.ability_control",
        "buttons": [
          {
            "name": "cancel", "commands": [
              "/tag @initiator add remove_npc_on_move",
              "/tag @initiator remove use_ability",
              "/event entity @initiator minecraft:disable_npc_dialogue_to_self"
            ]
          },
          { 
            "name": "blazeborn.1", 
            "commands": [
              "/playsound note.bass @initiator[tag=\"traitCd\"] ~~~ 0.8 1.2",
              "/dialogue open @initiator @initiator[tag=\"traitCd\"] controls_ability_blazeborn",

              "/scoreboard players set @initiator[tag=!\"traitCd\"] ctrl 1",

              "/tag @initiator[tag=!\"traitCd\"] add remove_npc_on_move",
              "/tag @initiator[tag=!\"traitCd\"] remove use_ability",
              "/event entity @initiator[tag=!\"traitCd\"] minecraft:disable_npc_dialogue_to_self",

              "/tag @initiator add traitCd"
            ]
          }
        ]
      },

      {
        "scene_tag": "controls_ability_phantom",
        "npc_name": "system",
        "text": "origin.ability_control",
        "buttons": [
          {
            "name": "cancel", "commands": [
              "/tag @initiator add remove_npc_on_move",
              "/tag @initiator remove use_ability",
              "/event entity @initiator minecraft:disable_npc_dialogue_to_self"
            ]
          },
          {
            "name": "phantom.1", 
            "commands": [
              "/playsound note.bass @initiator[tag=\"traitCd\"] ~~~ 0.8 1.2",
              "/dialogue open @initiator @initiator[tag=\"traitCd\"] controls_ability_phantom",

              "/scoreboard players set @initiator[tag=!\"traitCd\"] ctrl 1",

              "/tag @initiator[tag=!\"traitCd\"] add remove_npc_on_move",
              "/tag @initiator[tag=!\"traitCd\"] remove use_ability",
              "/event entity @initiator[tag=!\"traitCd\"] minecraft:disable_npc_dialogue_to_self",

              "/tag @initiator add traitCd"
            ]
          }
        ]
      },

      {
        "scene_tag": "controls_ability_kitsune",
        "npc_name": "system",
        "text": "origin.ability_control",
        "buttons": [
          {
            "name": "cancel", "commands": [
              "/tag @initiator add remove_npc_on_move",
              "/tag @initiator remove use_ability",
              "/event entity @initiator minecraft:disable_npc_dialogue_to_self"
            ]
          },
          { 
            "name": "kitsune.1", 
            "commands": [
              "/playsound note.bass @initiator[tag=\"traitCd\"] ~~~ 0.8 1.2",
              "/dialogue open @initiator @initiator[tag=\"traitCd\"] controls_ability_kitsune",

              "/scoreboard players set @initiator[tag=!\"traitCd\"] ctrl 1",

              "/tag @initiator[tag=!\"traitCd\"] add remove_npc_on_move",
              "/tag @initiator[tag=!\"traitCd\"] remove use_ability",
              "/event entity @initiator[tag=!\"traitCd\"] minecraft:disable_npc_dialogue_to_self",

              "/tag @initiator add traitCd"
            ]
          },
          { 
            "name": "kitsune.2", 
            "commands": [
              "/playsound note.bass @initiator[tag=\"traitCd\"] ~~~ 0.8 1.2",
              "/dialogue open @initiator @initiator[tag=\"traitCd\"] controls_ability_kitsune",

              "/scoreboard players set @initiator[tag=!\"traitCd\"] ctrl 2",

              "/tag @initiator[tag=!\"traitCd\"] add remove_npc_on_move",
              "/tag @initiator[tag=!\"traitCd\"] remove use_ability",
              "/event entity @initiator[tag=!\"traitCd\"] minecraft:disable_npc_dialogue_to_self",

              "/tag @initiator add traitCd"
            ]
          },
          { 
            "name": "kitsune.3", 
            "commands": [
              "/playsound note.bass @initiator[tag=\"traitCd\"] ~~~ 0.8 1.2",
              "/dialogue open @initiator @initiator[tag=\"traitCd\"] controls_ability_kitsune",

              "/scoreboard players set @initiator[tag=!\"traitCd\"] ctrl 3",

              "/tag @initiator[tag=!\"traitCd\"] add remove_npc_on_move",
              "/tag @initiator[tag=!\"traitCd\"] remove use_ability",
              "/event entity @initiator[tag=!\"traitCd\"] minecraft:disable_npc_dialogue_to_self",

              "/tag @initiator add traitCd"
            ]
          }
        ]
      },

      {
        "scene_tag": "controls_ability_slimecican",
        "npc_name": "system",
        "text": "origin.ability_control",
        "buttons": [
          {
            "name": "cancel", "commands": [
              "/tag @initiator add remove_npc_on_move",
              "/tag @initiator remove use_ability",
              "/event entity @initiator minecraft:disable_npc_dialogue_to_self"
            ]
          },
          { 
            "name": "slimecican.1", 
            "commands": [
              "/playsound note.bass @initiator[tag=\"traitCd\"] ~~~ 0.8 1.2",
              "/dialogue open @initiator @initiator[tag=\"traitCd\"] controls_ability_slimecican",

              "/scoreboard players set @initiator[tag=!\"traitCd\"] ctrl 1",

              "/tag @initiator[tag=!\"traitCd\"] add remove_npc_on_move",
              "/tag @initiator[tag=!\"traitCd\"] remove use_ability",
              "/event entity @initiator[tag=!\"traitCd\"] minecraft:disable_npc_dialogue_to_self"
            ]
          }
        ]
      },

      {
        "scene_tag": "controls_ability_starborne",
        "npc_name": "system",
        "text": "origin.ability_control",
        "buttons": [
          {
            "name": "cancel", "commands": [
              "/tag @initiator add remove_npc_on_move",
              "/tag @initiator remove use_ability",
              "/event entity @initiator minecraft:disable_npc_dialogue_to_self"
            ]
          },
          { 
            "name": "starborne.1", 
            "commands": [
              "/scoreboard players set @initiator ctrl 1",

              "/tag @initiator add remove_npc_on_move",
              "/tag @initiator remove use_ability",
              "/event entity @initiator minecraft:disable_npc_dialogue_to_self"
            ]
          },
          { 
            "name": "starborne.2", 
            "commands": [
              "/scoreboard players set @initiator ctrl 2",

              "/tag @initiator add remove_npc_on_move",
              "/tag @initiator remove use_ability",
              "/event entity @initiator minecraft:disable_npc_dialogue_to_self"
            ]
          }
        ]
      }

    ]
  }
}