{
  "format_version": "1.14",
  "minecraft:npc_dialogue": {
    "scenes": [
      {
        "scene_tag": "gui_class_pick_random",
        "npc_name": "system",
        "text": "class.random",
        "buttons": [
          {
            "name": "<",
            "commands": [ "/dialogue open @initiator @initiator gui_class_pick_warrior" ]
          },
          {
            "name": "select",
            "commands": [ "/event entity @initiator origins:class_random" ]
          },
          {
            "name": ">",
            "commands": [ "/dialogue open @initiator @initiator gui_class_pick_nitwit" ]
          }
        ]
      },
      {
        "scene_tag": "gui_class_pick_nitwit",
        "npc_name": "system",
        "text": "class.nitwit",
        "buttons": [
          {
            "name": "<",
            "commands": [ "/dialogue open @initiator @initiator gui_class_pick_random" ]
          },
          {
            "name": "select",
            "commands": [ "/execute @initiator ~~~ event entity @s origins:become_class_nitwit" ]
          },
          {
            "name": ">",
            "commands": [ "/dialogue open @initiator @initiator gui_class_pick_archer" ]
          }
        ]
      },
      {
        "scene_tag": "gui_class_pick_archer",
        "npc_name": "system",
        "text": "class.archer",
        "buttons": [
          {
            "name": "<",
            "commands": [ "/dialogue open @initiator @initiator gui_class_pick_nitwit" ]
          },
          {
            "name": "select",
            "commands": [ "/execute @initiator ~~~ event entity @s origins:become_class_archer" ]
          },
          {
            "name": ">",
            "commands": [ "/dialogue open @initiator @initiator gui_class_pick_beastmaster" ]
          }
        ]
      },
      {
        "scene_tag": "gui_class_pick_beastmaster",
        "npc_name": "system",
        "text": "class.beastmaster",
        "buttons": [
          {
            "name": "<",
            "commands": [ "/dialogue open @initiator @initiator gui_class_pick_archer" ]
          },
          {
            "name": "select",
            "commands": [ "/execute @initiator ~~~ event entity @s origins:become_class_beastmaster" ]
          },
          {
            "name": ">",
            "commands": [ "/dialogue open @initiator @initiator gui_class_pick_blacksmith" ]
          }
        ]
      },
      {
        "scene_tag": "gui_class_pick_blacksmith",
        "npc_name": "system",
        "text": "class.blacksmith",
        "buttons": [
          {
            "name": "<",
            "commands": [ "/dialogue open @initiator @initiator gui_class_pick_beastmaster" ]
          },
          {
            "name": "select",
            "commands": [ "/execute @initiator ~~~ event entity @s origins:become_class_blacksmith" ]
          },
          {
            "name": ">",
            "commands": [ "/dialogue open @initiator @initiator gui_class_pick_cleric" ]
          }
        ]
      },
      {
        "scene_tag": "gui_class_pick_cleric",
        "npc_name": "system",
        "text": "class.cleric",
        "buttons": [
          {
            "name": "<",
            "commands": [ "/dialogue open @initiator @initiator gui_class_pick_blacksmith" ]
          },
          {
            "name": "select",
            "commands": [ "/execute @initiator ~~~ event entity @s origins:become_class_cleric" ]
          },
          {
            "name": ">",
            "commands": [ "/dialogue open @initiator @initiator gui_class_pick_cook" ]
          }
        ]
      },
      {
        "scene_tag": "gui_class_pick_cook",
        "npc_name": "system",
        "text": "class.cook",
        "buttons": [
          {
            "name": "<",
            "commands": [ "/dialogue open @initiator @initiator gui_class_pick_cleric" ]
          },
          {
            "name": "select",
            "commands": [ "/execute @initiator ~~~ event entity @s origins:become_class_cook" ]
          },
          {
            "name": ">",
            "commands": [ "/dialogue open @initiator @initiator gui_class_pick_explorer" ]
          }
        ]
      },
      {
        "scene_tag": "gui_class_pick_explorer",
        "npc_name": "system",
        "text": "class.explorer",
        "buttons": [
          {
            "name": "<",
            "commands": [ "/dialogue open @initiator @initiator gui_class_pick_cook" ]
          },
          {
            "name": "select",
            "commands": [ "/execute @initiator ~~~ event entity @s origins:become_class_explorer" ]
          },
          {
            "name": ">",
            "commands": [ "/dialogue open @initiator @initiator gui_class_pick_farmer" ]
          }
        ]
      },
      {
        "scene_tag": "gui_class_pick_farmer",
        "npc_name": "system",
        "text": "class.farmer",
        "buttons": [
          {
            "name": "<",
            "commands": [ "/dialogue open @initiator @initiator gui_class_pick_explorer" ]
          },
          {
            "name": "select",
            "commands": [ "/execute @initiator ~~~ event entity @s origins:become_class_farmer" ]
          },
          {
            "name": ">",
            "commands": [ "/dialogue open @initiator @initiator gui_class_pick_lumberjack" ]
          }
        ]
      },
      {
        "scene_tag": "gui_class_pick_lumberjack",
        "npc_name": "system",
        "text": "class.lumberjack",
        "buttons": [
          {
            "name": "<",
            "commands": [ "/dialogue open @initiator @initiator gui_class_pick_farmer" ]
          },
          {
            "name": "select",
            "commands": [ "/execute @initiator ~~~ event entity @s origins:become_class_lumberjack" ]
          },
          {
            "name": ">",
            "commands": [ "/dialogue open @initiator @initiator gui_class_pick_merchant" ]
          }
        ]
      },
      {
        "scene_tag": "gui_class_pick_merchant",
        "npc_name": "system",
        "text": "class.merchant",
        "buttons": [
          {
            "name": "<",
            "commands": [ "/dialogue open @initiator @initiator gui_class_pick_lumberjack" ]
          },
          {
            "name": "select",
            "commands": [ "/execute @initiator ~~~ event entity @s origins:become_class_merchant" ]
          },
          {
            "name": ">",
            "commands": [ "/dialogue open @initiator @initiator gui_class_pick_miner" ]
          }
        ]
      },
      {
        "scene_tag": "gui_class_pick_miner",
        "npc_name": "system",
        "text": "class.miner",
        "buttons": [
          {
            "name": "<",
            "commands": [ "/dialogue open @initiator @initiator gui_class_pick_merchant" ]
          },
          {
            "name": "select",
            "commands": [ "/execute @initiator ~~~ event entity @s origins:become_class_miner" ]
          },
          {
            "name": ">",
            "commands": [ "/dialogue open @initiator @initiator gui_class_pick_rogue" ]
          }
        ]
      },

      {
        "scene_tag": "gui_class_pick_rancher",
        "npc_name": "system",
        "text": "class.rancher",
        "buttons": [
          {
            "name": "<",
            "commands": [ "/dialogue open @initiator @initiator gui_class_pick_miner" ]
          },
          {
            "name": "select",
            "commands": [ "/execute @initiator ~~~ event entity @s origins:become_class_rancher" ]
          },
          {
            "name": ">",
            "commands": [ "/dialogue open @initiator @initiator gui_class_pick_rogue" ]
          }
        ]
      },
      
      {
        "scene_tag": "gui_class_pick_rogue",
        "npc_name": "system",
        "text": "class.rogue",
        "buttons": [
          {
            "name": "<",
            "commands": [ "/dialogue open @initiator @initiator gui_class_pick_miner" ]
          },
          {
            "name": "select",
            "commands": [ "/execute @initiator ~~~ event entity @s origins:become_class_rogue" ]
          },
          {
            "name": ">",
            "commands": [ "/dialogue open @initiator @initiator gui_class_pick_warrior" ]
          }
        ]
      },
      {
        "scene_tag": "gui_class_pick_warrior",
        "npc_name": "system",
        "text": "class.warrior",
        "buttons": [
          {
            "name": "<",
            "commands": [ "/dialogue open @initiator @initiator gui_class_pick_rogue" ]
          },
          {
            "name": "select",
            "commands": [ "/execute @initiator ~~~ event entity @s origins:become_class_warrior" ]
          },
          {
            "name": ">",
            "commands": [ "/dialogue open @initiator @initiator gui_class_pick_random" ]
          }
        ]
      }
    ]
  }
}