{
  "format_version": "1.14",
  "minecraft:npc_dialogue": {
    "scenes": [
      {
        "scene_tag": "gui_race_pick_random",
        "npc_name": "system",
        "text": "origin.random",
        "buttons": [
          {
            "name": "<",
            "commands": [ "/dialogue open @initiator @initiator gui_race_pick_starborne" ]
          },
          {
            "name": "select",
            "commands": [ "/execute @initiator ~~~ event entity @s origins:become_random" ]
          },
          {
            "name": ">",
            "commands": [ "/dialogue open @initiator @initiator gui_race_pick_human" ]
          }
        ]
      },
      {
        "scene_tag": "gui_race_pick_human",
        "npc_name": "system",
        "text": "origin.human",
        "buttons": [
          {
            "name": "<",
            "commands": [ "/dialogue open @initiator @initiator gui_race_pick_random", "/tag @initiator add show_gui", "/tag @initiator add welcome_ui" ]
          },
          {
            "name": "select",
            "commands": [ "/tag @initiator add show_gui", "/tag @initiator add welcome_ui", "/execute @initiator ~~~ event entity @s origins:become_human" ]
          },
          {
            "name": ">",
            "commands": [ "/dialogue open @initiator @initiator gui_race_pick_avian", "/tag @initiator add show_gui", "/tag @initiator add welcome_ui" ]
          }
        ],
        "on_open_commands": [
          "/gamerule showtags false",

          "/scoreboard players set @initiator guib 1",
          "/replaceitem entity @initiator slot.hotbar 8 origins:origins_menu 1 0 {\"minecraft:item_lock\":{\"mode\":\"lock_in_slot\"},\"minecraft:keep_on_death\":{}}"
        ]
      },
      {
        "scene_tag": "gui_race_pick_avian",
        "npc_name": "system",
        "text": "origin.avian",
        "buttons": [
          {
            "name": "<",
            "commands": [ "/dialogue open @initiator @initiator gui_race_pick_human" ]
          },
          {
            "name": "select",
            "commands": [ "/execute @initiator ~~~ event entity @s origins:become_avian" ]
          },
          {
            "name": ">",
            "commands": [ "/dialogue open @initiator @initiator gui_race_pick_arachnid" ]
          }
        ]
      },
      {
        "scene_tag": "gui_race_pick_arachnid",
        "npc_name": "system",
        "text": "origin.arachnid",
        "buttons": [
          {
            "name": "<",
            "commands": [ "/dialogue open @initiator @initiator gui_race_pick_avian" ]
          },
          {
            "name": "select",
            "commands": [ "/execute @initiator ~~~ event entity @s origins:become_arachnid" ]
          },
          {
            "name": ">",
            "commands": [ "/dialogue open @initiator @initiator gui_race_pick_elytrian" ]
          }
        ]
      },
      {
        "scene_tag": "gui_race_pick_elytrian",
        "npc_name": "system",
        "text": "origin.elytrian",
        "buttons": [
          {
            "name": "<",
            "commands": [ "/dialogue open @initiator @initiator gui_race_pick_arachnid" ]
          },
          {
            "name": "select",
            "commands": [ "/execute @initiator ~~~ event entity @s origins:become_elytrian" ]
          },
          {
            "name": ">",
            "commands": [ "/dialogue open @initiator @initiator gui_race_pick_shulk" ]
          }
        ]
      },
      {
        "scene_tag": "gui_race_pick_shulk",
        "npc_name": "system",
        "text": "origin.shulk",
        "buttons": [
          {
            "name": "<",
            "commands": [ "/dialogue open @initiator @initiator gui_race_pick_elytrian" ]
          },
          {
            "name": "select",
            "commands": [ "/execute @initiator ~~~ event entity @s origins:become_shulk" ]
          },
          {
            "name": ">",
            "commands": [ "/dialogue open @initiator @initiator gui_race_pick_feline" ]
          }
        ]
      },
      {
        "scene_tag": "gui_race_pick_feline",
        "npc_name": "system",
        "text": "origin.feline",
        "buttons": [
          {
            "name": "<",
            "commands": [ "/dialogue open @initiator @initiator gui_race_pick_shulk" ]
          },
          {
            "name": "select",
            "commands": [ "/execute @initiator ~~~ event entity @s origins:become_feline" ]
          },
          {
            "name": ">",
            "commands": [ "/dialogue open @initiator @initiator gui_race_pick_enderian" ]
          }
        ]
      },
      {
        "scene_tag": "gui_race_pick_enderian",
        "npc_name": "system",
        "text": "origin.enderian",
        "buttons": [
          {
            "name": "<",
            "commands": [ "/dialogue open @initiator @initiator gui_race_pick_feline" ]
          },
          {
            "name": "select",
            "commands": [ "/execute @initiator ~~~ event entity @s origins:become_enderian" ]
          },
          {
            "name": ">",
            "commands": [ "/dialogue open @initiator @initiator gui_race_pick_merling" ]
          }
        ]
      },
      {
        "scene_tag": "gui_race_pick_merling",
        "npc_name": "system",
        "text": "origin.merling",
        "buttons": [
          {
            "name": "<",
            "commands": [ "/dialogue open @initiator @initiator gui_race_pick_enderian" ]
          },
          {
            "name": "select",
            "commands": [ "/execute @initiator ~~~ event entity @s origins:become_merling" ]
          },
          {
            "name": ">",
            "commands": [ "/dialogue open @initiator @initiator gui_race_pick_blazeborn" ]
          }
        ]
      },
      {
        "scene_tag": "gui_race_pick_blazeborn",
        "npc_name": "system",
        "text": "origin.blazeborn",
        "buttons": [
          {
            "name": "<",
            "commands": [ "/dialogue open @initiator @initiator gui_race_pick_merling" ]
          },
          {
            "name": "select",
            "commands": [ "/execute @initiator ~~~ event entity @s origins:become_blazeborn" ]
          },
          {
            "name": ">",
            "commands": [ "/dialogue open @initiator @initiator gui_race_pick_phantom" ]
          }
        ]
      },
      {
        "scene_tag": "gui_race_pick_phantom",
        "npc_name": "system",
        "text": "origin.phantom",
        "buttons": [
          {
            "name": "<",
            "commands": [ "/dialogue open @initiator @initiator gui_race_pick_blazeborn" ]
          },
          {
            "name": "select",
            "commands": [ "/execute @initiator ~~~ event entity @s origins:become_phantom" ]
          },
          {
            "name": ">",
            "commands": [ "/dialogue open @initiator @initiator gui_race_pick_kitsune" ]
          }
        ]
      },
      {
        "scene_tag": "gui_race_pick_kitsune",
        "npc_name": "system",
        "text": "origin.kitsune",
        "buttons": [
          {
            "name": "<",
            "commands": [ "/dialogue open @initiator @initiator gui_race_pick_phantom" ]
          },
          {
            "name": "select",
            "commands": [ "/execute @initiator ~~~ event entity @s origins:become_kitsune" ]
          },
          {
            "name": ">",
            "commands": [ "/dialogue open @initiator @initiator gui_race_pick_slimecican" ]
          }
        ]
      },
      {
        "scene_tag": "gui_race_pick_slimecican",
        "npc_name": "system",
        "text": "origin.slimecican",
        "buttons": [
          {
            "name": "<",
            "commands": [ "/dialogue open @initiator @initiator gui_race_pick_kitsune" ]
          },
          {
            "name": "select",
            "commands": [ "/execute @initiator ~~~ event entity @s origins:become_slimecican" ]
          },
          {
            "name": ">",
            "commands": [ "/dialogue open @initiator @initiator gui_race_pick_inchling" ]
          }
        ]
      },
      {
        "scene_tag": "gui_race_pick_inchling",
        "npc_name": "system",
        "text": "origin.inchling",
        "buttons": [
          {
            "name": "<",
            "commands": [ "/dialogue open @initiator @initiator gui_race_pick_slimecican" ]
          },
          {
            "name": "select",
            "commands": [ "/execute @initiator ~~~ event entity @s origins:become_inchling" ]
          },
          {
            "name": ">",
            "commands": [ "/dialogue open @initiator @initiator gui_race_pick_bee" ]
          }
        ]
      },
      {
        "scene_tag": "gui_race_pick_bee",
        "npc_name": "system",
        "text": "origin.bee",
        "buttons": [
          {
            "name": "<",
            "commands": [ "/dialogue open @initiator @initiator gui_race_pick_inchling" ]
          },
          {
            "name": "select",
            "commands": [ "/execute @initiator ~~~ event entity @s origins:become_bee" ]
          },
          {
            "name": ">",
            "commands": [ "/dialogue open @initiator @initiator gui_race_pick_starborne" ]
          }
        ]
      },
      {
        "scene_tag": "gui_race_pick_starborne",
        "npc_name": "system",
        "text": "origin.starborne",
        "buttons": [
          {
            "name": "<",
            "commands": [ "/dialogue open @initiator @initiator gui_race_pick_bee" ]
          },
          {
            "name": "select",
            "commands": [ "/execute @initiator ~~~ event entity @s origins:become_starborne" ]
          },
          {
            "name": ">",
            "commands": [ "/dialogue open @initiator @initiator gui_race_pick_random" ]
          }
        ]
      }
    ]
  }
}