{
  "format_version": "1.14",
  "minecraft:npc_dialogue": {
    "scenes": [
      {
        "scene_tag": "gui_race_view_human",
        "npc_name": "system",
        "text": "vieworigin.human",
        "buttons": [
          {
            "name": "start",
            "commands": [ 
              "/execute @s[tag=\"change_resign\"] ~~~ tellraw @a {\"rawtext\":[{\"text\":\"§e\"},{\"translate\":\"origins.change.announce.race\",\"with\":{\"rawtext\":[{\"selector\":\"@s\"},{\"translate\":\"origins.race.human.name\"}]}}]}", 
              "/event entity @initiator[tag=\"has_any_class\"] minecraft:disable_npc_dialogue_to_self", 
              "/dialogue open @initiator @initiator[tag=!\"has_any_class\"] gui_class_pick_nitwit" 
            ]
          }
        ]
      },
      {
        "scene_tag": "gui_race_view_avian",
        "npc_name": "system",
        "text": "vieworigin.avian",
        "buttons": [
          {
            "name": "start",
            "commands": [ 
              "/execute @s[tag=\"change_resign\"] ~~~ tellraw @a {\"rawtext\":[{\"text\":\"§e\"},{\"translate\":\"origins.change.announce.race\",\"with\":{\"rawtext\":[{\"selector\":\"@s\"},{\"translate\":\"origins.race.avian.name\"}]}}]}", 
              "/event entity @initiator[tag=\"has_any_class\"] minecraft:disable_npc_dialogue_to_self", 
              "/dialogue open @initiator @initiator[tag=!\"has_any_class\"] gui_class_pick_nitwit" 
            ]
          }
        ]
      },
      {
        "scene_tag": "gui_race_view_arachnid",
        "npc_name": "system",
        "text": "vieworigin.arachnid",
        "buttons": [
          {
            "name": "start",
            "commands": [ 
              "/execute @s[tag=\"change_resign\"] ~~~ tellraw @a {\"rawtext\":[{\"text\":\"§e\"},{\"translate\":\"origins.change.announce.race\",\"with\":{\"rawtext\":[{\"selector\":\"@s\"},{\"translate\":\"origins.race.arachnid.name\"}]}}]}", 
              "/event entity @initiator[tag=\"has_any_class\"] minecraft:disable_npc_dialogue_to_self", 
              "/dialogue open @initiator @initiator[tag=!\"has_any_class\"] gui_class_pick_nitwit" 
            ]
          }
        ]
      },
      {
        "scene_tag": "gui_race_view_elytrian",
        "npc_name": "system",
        "text": "vieworigin.elytrian",
        "buttons": [
          {
            "name": "start",
            "commands": [ 
              "/execute @s[tag=\"change_resign\"] ~~~ tellraw @a {\"rawtext\":[{\"text\":\"§e\"},{\"translate\":\"origins.change.announce.race\",\"with\":{\"rawtext\":[{\"selector\":\"@s\"},{\"translate\":\"origins.race.elytrian.name\"}]}}]}", 
              "/event entity @initiator[tag=\"has_any_class\"] minecraft:disable_npc_dialogue_to_self", 
              "/dialogue open @initiator @initiator[tag=!\"has_any_class\"] gui_class_pick_nitwit" 
            ]
          }
        ]
      },
      {
        "scene_tag": "gui_race_view_shulk",
        "npc_name": "system",
        "text": "vieworigin.shulk",
        "buttons": [
          {
            "name": "start",
            "commands": [ 
              "/execute @s[tag=\"change_resign\"] ~~~ tellraw @a {\"rawtext\":[{\"text\":\"§e\"},{\"translate\":\"origins.change.announce.race\",\"with\":{\"rawtext\":[{\"selector\":\"@s\"},{\"translate\":\"origins.race.shulk.name\"}]}}]}", 
              "/event entity @initiator[tag=\"has_any_class\"] minecraft:disable_npc_dialogue_to_self", 
              "/dialogue open @initiator @initiator[tag=!\"has_any_class\"] gui_class_pick_nitwit" 
            ]
          }
        ]
      },
      {
        "scene_tag": "gui_race_view_feline",
        "npc_name": "system",
        "text": "vieworigin.feline",
        "buttons": [
          {
            "name": "start",
            "commands": [ 
              "/execute @s[tag=\"change_resign\"] ~~~ tellraw @a {\"rawtext\":[{\"text\":\"§e\"},{\"translate\":\"origins.change.announce.race\",\"with\":{\"rawtext\":[{\"selector\":\"@s\"},{\"translate\":\"origins.race.feline.name\"}]}}]}", 
              "/event entity @initiator[tag=\"has_any_class\"] minecraft:disable_npc_dialogue_to_self", 
              "/dialogue open @initiator @initiator[tag=!\"has_any_class\"] gui_class_pick_nitwit" 
            ]
          }
        ]
      },
      {
        "scene_tag": "gui_race_view_enderian",
        "npc_name": "system",
        "text": "vieworigin.enderian",
        "buttons": [
          {
            "name": "start",
            "commands": [ 
              "/execute @s[tag=\"change_resign\"] ~~~ tellraw @a {\"rawtext\":[{\"text\":\"§e\"},{\"translate\":\"origins.change.announce.race\",\"with\":{\"rawtext\":[{\"selector\":\"@s\"},{\"translate\":\"origins.race.enderian.name\"}]}}]}", 
              "/event entity @initiator[tag=\"has_any_class\"] minecraft:disable_npc_dialogue_to_self", 
              "/dialogue open @initiator @initiator[tag=!\"has_any_class\"] gui_class_pick_nitwit" 
            ]
          }
        ]
      },
      {
        "scene_tag": "gui_race_view_merling",
        "npc_name": "system",
        "text": "vieworigin.merling",
        "buttons": [
          {
            "name": "start",
            "commands": [ 
              "/execute @s[tag=\"change_resign\"] ~~~ tellraw @a {\"rawtext\":[{\"text\":\"§e\"},{\"translate\":\"origins.change.announce.race\",\"with\":{\"rawtext\":[{\"selector\":\"@s\"},{\"translate\":\"origins.race.merling.name\"}]}}]}", 
              "/effect @s[tainitiator=\"has_any_class\"] water_breathing 60 0 true", 
              "/event entity @initiator[tag=\"has_any_class\"] minecraft:disable_npc_dialogue_to_self", 
              "/dialogue open @initiator @initiator[tag=!\"has_any_class\"] gui_class_pick_nitwit" 
            ]
          }
        ]
      },
      {
        "scene_tag": "gui_race_view_blazeborn",
        "npc_name": "system",
        "text": "vieworigin.blazeborn",
        "buttons": [
          {
            "name": "start",
            "commands": [ 
              "/execute @s[tag=\"change_resign\"] ~~~ tellraw @a {\"rawtext\":[{\"text\":\"§e\"},{\"translate\":\"origins.change.announce.race\",\"with\":{\"rawtext\":[{\"selector\":\"@s\"},{\"translate\":\"origins.race.blazeborn.name\"}]}}]}", 
              "/event entity @initiator[tag=\"has_any_class\"] minecraft:disable_npc_dialogue_to_self", 
              "/dialogue open @initiator @initiator[tag=!\"has_any_class\"] gui_class_pick_nitwit" 
            ]
          }
        ]
      },
      {
        "scene_tag": "gui_race_view_phantom",
        "npc_name": "system",
        "text": "vieworigin.phantom",
        "buttons": [
          {
            "name": "start",
            "commands": [ 
              "/execute @s[tag=\"change_resign\"] ~~~ tellraw @a {\"rawtext\":[{\"text\":\"§e\"},{\"translate\":\"origins.change.announce.race\",\"with\":{\"rawtext\":[{\"selector\":\"@s\"},{\"translate\":\"origins.race.phantom.name\"}]}}]}", 
              "/effect @s[tainitiator=\"has_any_class\"] fire_resistance 30 0 true",
              "/event entity @initiator[tag=\"has_any_class\"] minecraft:disable_npc_dialogue_to_self", 
              "/dialogue open @initiator @initiator[tag=!\"has_any_class\"] gui_class_pick_nitwit" 
            ]
          }
        ]
      },
      {
        "scene_tag": "gui_race_view_kitsune",
        "npc_name": "system",
        "text": "vieworigin.kitsune",
        "buttons": [
          {
            "name": "start",
            "commands": [ 
              "/execute @s[tag=\"change_resign\"] ~~~ tellraw @a {\"rawtext\":[{\"text\":\"§e\"},{\"translate\":\"origins.change.announce.race\",\"with\":{\"rawtext\":[{\"selector\":\"@s\"},{\"translate\":\"origins.race.kitsune.name\"}]}}]}", 
              "/event entity @initiator[tag=\"has_any_class\"] minecraft:disable_npc_dialogue_to_self", 
              "/dialogue open @initiator @initiator[tag=!\"has_any_class\"] gui_class_pick_nitwit" 
            ]
          }
        ]
      },
      {
        "scene_tag": "gui_race_view_slimecican",
        "npc_name": "system",
        "text": "vieworigin.slimecican",
        "buttons": [
          {
            "name": "start",
            "commands": [ 
              "/execute @s[tag=\"change_resign\"] ~~~ tellraw @a {\"rawtext\":[{\"text\":\"§e\"},{\"translate\":\"origins.change.announce.race\",\"with\":{\"rawtext\":[{\"selector\":\"@s\"},{\"translate\":\"origins.race.slimecican.name\"}]}}]}", 
              "/event entity @initiator[tag=\"has_any_class\"] minecraft:disable_npc_dialogue_to_self", 
              "/dialogue open @initiator @initiator[tag=!\"has_any_class\"] gui_class_pick_nitwit" 
            ]
          }
        ]
      },
      {
        "scene_tag": "gui_race_view_starborne",
        "npc_name": "system",
        "text": "vieworigin.starborne",
        "buttons": [
          {
            "name": "start",
            "commands": [ 
              "/execute @s[tag=\"change_resign\"] ~~~ tellraw @a {\"rawtext\":[{\"text\":\"§e\"},{\"translate\":\"origins.change.announce.race\",\"with\":{\"rawtext\":[{\"selector\":\"@s\"},{\"translate\":\"origins.race.starborne.name\"}]}}]}", 
              "/event entity @initiator[tag=\"has_any_class\"] minecraft:disable_npc_dialogue_to_self", 
              "/dialogue open @initiator @initiator[tag=!\"has_any_class\"] gui_class_pick_nitwit" 
            ]
          }
        ]
      },
      {
        "scene_tag": "gui_race_view_inchling",
        "npc_name": "system",
        "text": "vieworigin.inchling",
        "buttons": [
          {
            "name": "start",
            "commands": [ 
              "/execute @s[tag=\"change_resign\"] ~~~ tellraw @a {\"rawtext\":[{\"text\":\"§e\"},{\"translate\":\"origins.change.announce.race\",\"with\":{\"rawtext\":[{\"selector\":\"@s\"},{\"translate\":\"origins.race.inchling.name\"}]}}]}", 
              "/event entity @initiator[tag=\"has_any_class\"] minecraft:disable_npc_dialogue_to_self", 
              "/dialogue open @initiator @initiator[tag=!\"has_any_class\"] gui_class_pick_nitwit" 
            ]
          }
        ]
      },
      {
        "scene_tag": "gui_race_view_bee",
        "npc_name": "system",
        "text": "vieworigin.bee",
        "buttons": [
          {
            "name": "start",
            "commands": [ 
              "/execute @s[tag=\"change_resign\"] ~~~ tellraw @a {\"rawtext\":[{\"text\":\"§e\"},{\"translate\":\"origins.change.announce.race\",\"with\":{\"rawtext\":[{\"selector\":\"@s\"},{\"translate\":\"origins.race.bee.name\"}]}}]}", 
              "/event entity @initiator[tag=\"has_any_class\"] minecraft:disable_npc_dialogue_to_self", 
              "/dialogue open @initiator @initiator[tag=!\"has_any_class\"] gui_class_pick_nitwit" 
            ]
          }
        ]
      }
    ]
  }
}