{
  "format_version": "1.14",
  "minecraft:npc_dialogue": {
    "scenes": [
      {
        "scene_tag": "gui_race_change_human",
        "npc_name": "system",
        "text": "changeorigin.human",
        "buttons": [
          {
            "name": "cancel",
            "commands": [ "/event entity @initiator minecraft:disable_npc_dialogue_to_self" ]
          },
          {
            "name": "continue_race",
            "commands": [ "/event entity @initiator origins:become_unknown" ]
          }
        ]
      },
      {
        "scene_tag": "gui_race_change_avian",
        "npc_name": "system",
        "text": "changeorigin.avian",
        "buttons": [
          {
            "name": "cancel",
            "commands": [ "/event entity @initiator minecraft:disable_npc_dialogue_to_self" ]
          },
          {
            "name": "continue_race",
            "commands": [ "/execute @initiator ~~~ clear @s[tag=!in_creative] origins:orb_of_origins 0 1", "/event entity @initiator origins:become_unknown" ]
          }
        ]
      },
      {
        "scene_tag": "gui_race_change_arachnid",
        "npc_name": "system",
        "text": "changeorigin.arachnid",
        "buttons": [
          {
            "name": "cancel",
            "commands": [ "/event entity @initiator minecraft:disable_npc_dialogue_to_self" ]
          },
          {
            "name": "continue_race",
            "commands": [ "/execute @initiator ~~~ clear @s[tag=!in_creative] origins:orb_of_origins 0 1", "/event entity @initiator origins:become_unknown" ]
          }
        ]
      },
      {
        "scene_tag": "gui_race_change_elytrian",
        "npc_name": "system",
        "text": "changeorigin.elytrian",
        "buttons": [
          {
            "name": "cancel",
            "commands": [ "/event entity @initiator minecraft:disable_npc_dialogue_to_self" ]
          },
          {
            "name": "continue_race",
            "commands": [ "/execute @initiator ~~~ clear @s[tag=!in_creative] origins:orb_of_origins 0 1", "/event entity @initiator origins:become_unknown" ]
          }
        ]
      },
      {
        "scene_tag": "gui_race_change_shulk",
        "npc_name": "system",
        "text": "changeorigin.shulk",
        "buttons": [
          {
            "name": "cancel",
            "commands": [ "/event entity @initiator minecraft:disable_npc_dialogue_to_self" ]
          },
          {
            "name": "continue_race",
            "commands": [ "/execute @initiator ~~~ clear @s[tag=!in_creative] origins:orb_of_origins 0 1", "/event entity @initiator origins:become_unknown" ]
          }
        ]
      },
      {
        "scene_tag": "gui_race_change_feline",
        "npc_name": "system",
        "text": "changeorigin.feline",
        "buttons": [
          {
            "name": "cancel",
            "commands": [ "/event entity @initiator minecraft:disable_npc_dialogue_to_self" ]
          },
          {
            "name": "continue_race",
            "commands": [ "/execute @initiator ~~~ clear @s[tag=!in_creative] origins:orb_of_origins 0 1", "/event entity @initiator origins:become_unknown" ]
          }
        ]
      },
      {
        "scene_tag": "gui_race_change_enderian",
        "npc_name": "system",
        "text": "changeorigin.enderian",
        "buttons": [
          {
            "name": "cancel",
            "commands": [ "/event entity @initiator minecraft:disable_npc_dialogue_to_self" ]
          },
          {
            "name": "continue_race",
            "commands": [ "/execute @initiator ~~~ clear @s[tag=!in_creative] origins:orb_of_origins 0 1", "/event entity @initiator origins:become_unknown" ]
          }
        ]
      },
      {
        "scene_tag": "gui_race_change_merling",
        "npc_name": "system",
        "text": "changeorigin.merling",
        "buttons": [
          {
            "name": "cancel",
            "commands": [ "/event entity @initiator minecraft:disable_npc_dialogue_to_self" ]
          },
          {
            "name": "continue_race",
            "commands": [ "/execute @initiator ~~~ clear @s[tag=!in_creative] origins:orb_of_origins 0 1", "/event entity @initiator origins:become_unknown" ]
          }
        ]
      },
      {
        "scene_tag": "gui_race_change_blazeborn",
        "npc_name": "system",
        "text": "changeorigin.blazeborn",
        "buttons": [
          {
            "name": "cancel",
            "commands": [ "/event entity @initiator minecraft:disable_npc_dialogue_to_self" ]
          },
          {
            "name": "continue_race",
            "commands": [ "/execute @initiator ~~~ clear @s[tag=!in_creative] origins:orb_of_origins 0 1", "/event entity @initiator origins:become_unknown" ]
          }
        ]
      },
      {
        "scene_tag": "gui_race_change_phantom",
        "npc_name": "system",
        "text": "changeorigin.phantom",
        "buttons": [
          {
            "name": "cancel",
            "commands": [ "/event entity @initiator minecraft:disable_npc_dialogue_to_self" ]
          },
          {
            "name": "continue_race",
            "commands": [ "/execute @initiator ~~~ clear @s[tag=!in_creative] origins:orb_of_origins 0 1", "/event entity @initiator origins:become_unknown" ]
          }
        ]
      },
      {
        "scene_tag": "gui_race_change_kitsune",
        "npc_name": "system",
        "text": "changeorigin.kitsune",
        "buttons": [
          {
            "name": "cancel",
            "commands": [ "/event entity @initiator minecraft:disable_npc_dialogue_to_self" ]
          },
          {
            "name": "continue_race",
            "commands": [ "/execute @initiator ~~~ clear @s[tag=!in_creative] origins:orb_of_origins 0 1", "/event entity @initiator origins:become_unknown" ]
          }
        ]
      },
      {
        "scene_tag": "gui_race_change_slimecican",
        "npc_name": "system",
        "text": "changeorigin.slimecican",
        "buttons": [
          {
            "name": "cancel",
            "commands": [ "/event entity @initiator minecraft:disable_npc_dialogue_to_self" ]
          },
          {
            "name": "continue_race",
            "commands": [ "/execute @initiator ~~~ clear @s[tag=!in_creative] origins:orb_of_origins 0 1", "/event entity @initiator origins:become_unknown" ]
          }
        ]
      },
      {
        "scene_tag": "gui_race_change_starborne",
        "npc_name": "system",
        "text": "changeorigin.starborne",
        "buttons": [
          {
            "name": "cancel",
            "commands": [ "/event entity @initiator minecraft:disable_npc_dialogue_to_self" ]
          },
          {
            "name": "continue_race",
            "commands": [ "/execute @initiator ~~~ clear @s[tag=!in_creative] origins:orb_of_origins 0 1", "/event entity @initiator origins:become_unknown" ]
          }
        ]
      },
      {
        "scene_tag": "gui_race_change_inchling",
        "npc_name": "system",
        "text": "changeorigin.inchling",
        "buttons": [
          {
            "name": "cancel",
            "commands": [ "/event entity @initiator minecraft:disable_npc_dialogue_to_self" ]
          },
          {
            "name": "continue_race",
            "commands": [ "/execute @initiator ~~~ clear @s[tag=!in_creative] origins:orb_of_origins 0 1", "/event entity @initiator origins:become_unknown" ]
          }
        ]
      },
      {
        "scene_tag": "gui_race_change_bee",
        "npc_name": "system",
        "text": "changeorigin.bee",
        "buttons": [
          {
            "name": "cancel",
            "commands": [ "/event entity @initiator minecraft:disable_npc_dialogue_to_self" ]
          },
          {
            "name": "continue_race",
            "commands": [ "/execute @initiator ~~~ clear @s[tag=!in_creative] origins:orb_of_origins 0 1", "/event entity @initiator origins:become_unknown" ]
          }
        ]
      }
    ]
  }
}