{
  "format_version": "1.14",
  "minecraft:npc_dialogue": {
    "scenes": [
      {
        "scene_tag": "gui_class_view_nitwit",
        "npc_name": "system",
        "text": "viewclass.nitwit",
        "buttons": [
          {
            "name": "start",
            "commands": [ 
              "/execute @s[tag=\"change_resign\"] ~~~ tellraw @a {\"rawtext\":[{\"text\":\"§e\"},{\"translate\":\"origins.change.announce.class\",\"with\":{\"rawtext\":[{\"selector\":\"@s\"},{\"translate\":\"origins.class.nitwit.name\"}]}}]}", 
              "/execute @initiator ~~~ effect @s[tag=\"race_merling\"] water_breathing 60 0 true", 
              "/execute @initiator ~~~ event entity @s[tag=\"race_blazeborn\",tag=!\"nether_tp\"] origins:nether_spawn_trait_teleport",
              "/execute @initiator ~~~ effect @s[tag=\"race_phantom\"] fire_resistance 30 0 true",
              "/event entity @initiator minecraft:disable_npc_dialogue_to_self" 
            ]
          }
        ]
      },
      {
        "scene_tag": "gui_class_view_archer",
        "npc_name": "system",
        "text": "viewclass.archer",
        "buttons": [
          {
            "name": "start",
            "commands": [ 
              "/execute @s[tag=\"change_resign\"] ~~~ tellraw @a {\"rawtext\":[{\"text\":\"§e\"},{\"translate\":\"origins.change.announce.class\",\"with\":{\"rawtext\":[{\"selector\":\"@s\"},{\"translate\":\"origins.class.archer.name\"}]}}]}", 
              "/execute @initiator ~~~ effect @s[tag=\"race_merling\"] water_breathing 60 0 true",
              "/execute @initiator ~~~ event entity @s[tag=\"race_blazeborn\",tag=!\"nether_tp\"] origins:nether_spawn_trait_teleport",
              "/execute @initiator ~~~ effect @s[tag=\"race_phantom\"] fire_resistance 30 0 true",
              "/event entity @initiator minecraft:disable_npc_dialogue_to_self" 
            ]
          }
        ]
      },
      {
        "scene_tag": "gui_class_view_beastmaster",
        "npc_name": "system",
        "text": "viewclass.beastmaster",
        "buttons": [
          {
            "name": "start",
            "commands": [ 
              "/execute @s[tag=\"change_resign\"] ~~~ tellraw @a {\"rawtext\":[{\"text\":\"§e\"},{\"translate\":\"origins.change.announce.class\",\"with\":{\"rawtext\":[{\"selector\":\"@s\"},{\"translate\":\"origins.class.beastmaster.name\"}]}}]}", 
              "/execute @initiator ~~~ effect @s[tag=\"race_merling\"] water_breathing 60 0 true", 
              "/execute @initiator ~~~ event entity @s[tag=\"race_blazeborn\",tag=!\"nether_tp\"] origins:nether_spawn_trait_teleport",
              "/execute @initiator ~~~ effect @s[tag=\"race_phantom\"] fire_resistance 30 0 true",
              "/event entity @initiator minecraft:disable_npc_dialogue_to_self" 
            ]
          }
        ]
      },
      {
        "scene_tag": "gui_class_view_blacksmith",
        "npc_name": "system",
        "text": "viewclass.blacksmith",
        "buttons": [
          {
            "name": "start",
            "commands": [ 
              "/execute @s[tag=\"change_resign\"] ~~~ tellraw @a {\"rawtext\":[{\"text\":\"§e\"},{\"translate\":\"origins.change.announce.class\",\"with\":{\"rawtext\":[{\"selector\":\"@s\"},{\"translate\":\"origins.class.blacksmith.name\"}]}}]}", 
              "/execute @initiator ~~~ effect @s[tag=\"race_merling\"] water_breathing 60 0 true", 
              "/execute @initiator ~~~ event entity @s[tag=\"race_blazeborn\",tag=!\"nether_tp\"] origins:nether_spawn_trait_teleport",
              "/execute @initiator ~~~ effect @s[tag=\"race_phantom\"] fire_resistance 30 0 true",
              "/event entity @initiator minecraft:disable_npc_dialogue_to_self" 
            ]
          }
        ]
      },
      {
        "scene_tag": "gui_class_view_cleric",
        "npc_name": "system",
        "text": "viewclass.cleric",
        "buttons": [
          {
            "name": "start",
            "commands": [ 
              "/execute @s[tag=\"change_resign\"] ~~~ tellraw @a {\"rawtext\":[{\"text\":\"§e\"},{\"translate\":\"origins.change.announce.class\",\"with\":{\"rawtext\":[{\"selector\":\"@s\"},{\"translate\":\"origins.class.cleric.name\"}]}}]}", 
              "/execute @initiator ~~~ effect @s[tag=\"race_merling\"] water_breathing 60 0 true", 
              "/execute @initiator ~~~ event entity @s[tag=\"race_blazeborn\",tag=!\"nether_tp\"] origins:nether_spawn_trait_teleport",
              "/execute @initiator ~~~ effect @s[tag=\"race_phantom\"] fire_resistance 30 0 true",
              "/event entity @initiator minecraft:disable_npc_dialogue_to_self" 
            ]
          }
        ]
      },
      {
        "scene_tag": "gui_class_view_cook",
        "npc_name": "system",
        "text": "viewclass.cook",
        "buttons": [
          {
            "name": "start",
            "commands": [ 
              "/execute @s[tag=\"change_resign\"] ~~~ tellraw @a {\"rawtext\":[{\"text\":\"§e\"},{\"translate\":\"origins.change.announce.class\",\"with\":{\"rawtext\":[{\"selector\":\"@s\"},{\"translate\":\"origins.class.cook.name\"}]}}]}", 
              "/execute @initiator ~~~ effect @s[tag=\"race_merling\"] water_breathing 60 0 true", 
              "/execute @initiator ~~~ event entity @s[tag=\"race_blazeborn\",tag=!\"nether_tp\"] origins:nether_spawn_trait_teleport",
              "/execute @initiator ~~~ effect @s[tag=\"race_phantom\"] fire_resistance 30 0 true",
              "/event entity @initiator minecraft:disable_npc_dialogue_to_self" 
            ]
          }
        ]
      },
      {
        "scene_tag": "gui_class_view_explorer",
        "npc_name": "system",
        "text": "viewclass.explorer",
        "buttons": [
          {
            "name": "start",
            "commands": [ 
              "/execute @s[tag=\"change_resign\"] ~~~ tellraw @a {\"rawtext\":[{\"text\":\"§e\"},{\"translate\":\"origins.change.announce.class\",\"with\":{\"rawtext\":[{\"selector\":\"@s\"},{\"translate\":\"origins.class.explorer.name\"}]}}]}", 
              "/execute @initiator ~~~ effect @s[tag=\"race_merling\"] water_breathing 60 0 true", 
              "/execute @initiator ~~~ event entity @s[tag=\"race_blazeborn\",tag=!\"nether_tp\"] origins:nether_spawn_trait_teleport",
              "/execute @initiator ~~~ effect @s[tag=\"race_phantom\"] fire_resistance 30 0 true",
              "/event entity @initiator minecraft:disable_npc_dialogue_to_self" 
            ]
          }
        ]
      },
      {
        "scene_tag": "gui_class_view_farmer",
        "npc_name": "system",
        "text": "viewclass.farmer",
        "buttons": [
          {
            "name": "start",
            "commands": [ 
              "/execute @s[tag=\"change_resign\"] ~~~ tellraw @a {\"rawtext\":[{\"text\":\"§e\"},{\"translate\":\"origins.change.announce.class\",\"with\":{\"rawtext\":[{\"selector\":\"@s\"},{\"translate\":\"origins.class.farmer.name\"}]}}]}", 
              "/execute @initiator ~~~ effect @s[tag=\"race_merling\"] water_breathing 60 0 true", 
              "/execute @initiator ~~~ event entity @s[tag=\"race_blazeborn\",tag=!\"nether_tp\"] origins:nether_spawn_trait_teleport",
              "/execute @initiator ~~~ effect @s[tag=\"race_phantom\"] fire_resistance 30 0 true",
              "/event entity @initiator minecraft:disable_npc_dialogue_to_self" 
            ]
          }
        ]
      },
      {
        "scene_tag": "gui_class_view_lumberjack",
        "npc_name": "system",
        "text": "viewclass.lumberjack",
        "buttons": [
          {
            "name": "start",
            "commands": [ 
              "/execute @s[tag=\"change_resign\"] ~~~ tellraw @a {\"rawtext\":[{\"text\":\"§e\"},{\"translate\":\"origins.change.announce.class\",\"with\":{\"rawtext\":[{\"selector\":\"@s\"},{\"translate\":\"origins.class.lumberjack.name\"}]}}]}", 
              "/execute @initiator ~~~ effect @s[tag=\"race_merling\"] water_breathing 60 0 true", 
              "/execute @initiator ~~~ event entity @s[tag=\"race_blazeborn\",tag=!\"nether_tp\"] origins:nether_spawn_trait_teleport",
              "/execute @initiator ~~~ effect @s[tag=\"race_phantom\"] fire_resistance 30 0 true",
              "/event entity @initiator minecraft:disable_npc_dialogue_to_self" 
            ]
          }
        ]
      },
      {
        "scene_tag": "gui_class_view_merchant",
        "npc_name": "system",
        "text": "viewclass.merchant",
        "buttons": [
          {
            "name": "start",
            "commands": [ 
              "/execute @s[tag=\"change_resign\"] ~~~ tellraw @a {\"rawtext\":[{\"text\":\"§e\"},{\"translate\":\"origins.change.announce.class\",\"with\":{\"rawtext\":[{\"selector\":\"@s\"},{\"translate\":\"origins.class.merchant.name\"}]}}]}", 
              "/execute @initiator ~~~ effect @s[tag=\"race_merling\"] water_breathing 60 0 true", 
              "/execute @initiator ~~~ event entity @s[tag=\"race_blazeborn\",tag=!\"nether_tp\"] origins:nether_spawn_trait_teleport",
              "/execute @initiator ~~~ effect @s[tag=\"race_phantom\"] fire_resistance 30 0 true",
              "/event entity @initiator minecraft:disable_npc_dialogue_to_self" 
            ]
          }
        ]
      },
      {
        "scene_tag": "gui_class_view_miner",
        "npc_name": "system",
        "text": "viewclass.miner",
        "buttons": [
          {
            "name": "start",
            "commands": [ 
              "/execute @s[tag=\"change_resign\"] ~~~ tellraw @a {\"rawtext\":[{\"text\":\"§e\"},{\"translate\":\"origins.change.announce.class\",\"with\":{\"rawtext\":[{\"selector\":\"@s\"},{\"translate\":\"origins.class.miner.name\"}]}}]}", 
              "/execute @initiator ~~~ effect @s[tag=\"race_merling\"] water_breathing 60 0 true", 
              "/execute @initiator ~~~ event entity @s[tag=\"race_blazeborn\",tag=!\"nether_tp\"] origins:nether_spawn_trait_teleport",
              "/execute @initiator ~~~ effect @s[tag=\"race_phantom\"] fire_resistance 30 0 true",
              "/event entity @initiator minecraft:disable_npc_dialogue_to_self" 
            ]
          }
        ]
      },
      {
        "scene_tag": "gui_class_view_rancher",
        "npc_name": "system",
        "text": "viewclass.rancher",
        "buttons": [
          {
            "name": "start",
            "commands": [ 
              "/execute @s[tag=\"change_resign\"] ~~~ tellraw @a {\"rawtext\":[{\"text\":\"§e\"},{\"translate\":\"origins.change.announce.class\",\"with\":{\"rawtext\":[{\"selector\":\"@s\"},{\"translate\":\"origins.class.rancher.name\"}]}}]}", 
              "/execute @initiator ~~~ effect @s[tag=\"race_merling\"] water_breathing 60 0 true", 
              "/execute @initiator ~~~ event entity @s[tag=\"race_blazeborn\",tag=!\"nether_tp\"] origins:nether_spawn_trait_teleport",
              "/execute @initiator ~~~ effect @s[tag=\"race_phantom\"] fire_resistance 30 0 true",
              "/event entity @initiator minecraft:disable_npc_dialogue_to_self" 
            ]
          }
        ]
      },
      {
        "scene_tag": "gui_class_view_rogue",
        "npc_name": "system",
        "text": "viewclass.rogue",
        "buttons": [
          {
            "name": "start",
            "commands": [ 
              "/execute @s[tag=\"change_resign\"] ~~~ tellraw @a {\"rawtext\":[{\"text\":\"§e\"},{\"translate\":\"origins.change.announce.class\",\"with\":{\"rawtext\":[{\"selector\":\"@s\"},{\"translate\":\"origins.class.rogue.name\"}]}}]}", 
              "/execute @initiator ~~~ effect @s[tag=\"race_merling\"] water_breathing 60 0 true", 
              "/execute @initiator ~~~ event entity @s[tag=\"race_blazeborn\",tag=!\"nether_tp\"] origins:nether_spawn_trait_teleport",
              "/execute @initiator ~~~ effect @s[tag=\"race_phantom\"] fire_resistance 30 0 true",
              "/event entity @initiator minecraft:disable_npc_dialogue_to_self" 
            ]
          }
        ]
      },
      {
        "scene_tag": "gui_class_view_warrior",
        "npc_name": "system",
        "text": "viewclass.warrior",
        "buttons": [
          {
            "name": "start",
            "commands": [ 
              "/execute @s[tag=\"change_resign\"] ~~~ tellraw @a {\"rawtext\":[{\"text\":\"§e\"},{\"translate\":\"origins.change.announce.class\",\"with\":{\"rawtext\":[{\"selector\":\"@s\"},{\"translate\":\"origins.class.warrior.name\"}]}}]}", 
              "/execute @initiator ~~~ effect @s[tag=\"race_merling\"] water_breathing 60 0 true", 
              "/execute @initiator ~~~ event entity @s[tag=\"race_blazeborn\",tag=!\"nether_tp\"] origins:nether_spawn_trait_teleport",
              "/execute @initiator ~~~ effect @s[tag=\"race_phantom\"] fire_resistance 30 0 true",
              "/event entity @initiator minecraft:disable_npc_dialogue_to_self" 
            ]
          }
        ]
      }
    ]
  }
}