{
  "format_version": "1.14",
  "minecraft:npc_dialogue": {
    "scenes": [
      {
        "scene_tag": "gui_welcome_screen",
        "npc_name": "system",
        "text": "origin.welcome_screen",
        "buttons": [
          {
            "name": "start",
            "commands": [
              "/execute @initiator ~~~ function reset",
              "/tag @initiator add welcome_ui"
            ]
          }
        ],
        "on_open_commands": [ "/playsound random.levelup @initiator ~~~ 1 0.75", "/scoreboard players set @initiator guib 1" ]
      }
    ]
  }
}