{
  "format_version": "1.10.0",
  "minecraft:attachable": {
    "description": {
      "identifier": "origins:blacksmith_leather_chestplate.player",
      "item": { "origins:blacksmith_leather_chestplate": "query.owner_identifier == 'minecraft:player'" },
      "materials": {
        "default": "armor_leather",
        "enchanted": "armor_leather_enchanted"
      },
      "textures": {
        "default": "textures/models/armor/leather_1",
        "enchanted": "textures/origins/blacksmith_armor_glint"
      },
      "geometry": {
        "default": "geometry.player.armor.chestplate"
      },
      "scripts": {
        "parent_setup": "variable.chest_layer_visible = 0.0;"
      },
      "render_controllers": [ "controller.render.armor" ]
    }
  }
}
