{
  "format_version": "1.8.0",
  "minecraft:attachable": {
    "description": {
      "identifier": "origins:blacksmith_leather_boots",
      "materials": {
        "default": "armor_leather",
        "enchanted": "armor_leather_enchanted"
      },
      "textures": {
        "default": "textures/models/armor/leather_1",
        "enchanted": "textures/origins/blacksmith_armor_glint"
      },
      "geometry": {
        "default": "geometry.humanoid.armor.boots"
      },
      "scripts": {
        "parent_setup": "variable.boot_layer_visible = 0.0;"
      },
      "render_controllers": [ "controller.render.armor" ]
    }
  }
}
