{
  "format_version": "1.8.0",
  "minecraft:attachable": {
    "description": {
      "identifier": "origins:blacksmith_turtle_helmet",
      "materials": {
        "default": "armor",
        "enchanted": "armor_enchanted"
      },
      "textures": {
        "default": "textures/models/armor/turtle_1",
        "enchanted": "textures/origins/blacksmith_armor_glint"
      },
      "geometry": {
        "default": "geometry.humanoid.armor.helmet"
      },
      "render_controllers": [ "controller.render.armor" ]
    }
  }
}
