{
	"format_version": "1.16.100",
	"minecraft:item": {
		"description": {
			"identifier": "origins:temp_mushroom_stew",
			"category": "Items"
		},

		"components": {
			"minecraft:icon": {
        "texture": "mushroom_stew"
      },
      "minecraft:display_name": {
        "value": "item.mushroom_stew.name"
      },
			"minecraft:food": {
				"nutrition": 6,
				"saturation_modifier": "low",
				"can_always_eat": false,
				"using_converts_to": "bowl"
			},

      "minecraft:max_stack_size": 1,
      "minecraft:foil": false,
      "minecraft:stacked_by_data": false,
			"minecraft:use_duration": 1.6,
			"minecraft:use_animation": "eat",
      "minecraft:creative_category": {
        "parent": "itemGroup.name.miscFood"
      }
		}
	}
}