{
	"format_version": "1.10.0",
	"particle_effect": {
		"description": {
			"identifier": "origins:star_projectile_impact",
			"basic_render_parameters": {
				"material": "particles_alpha",
				"texture": "textures/particle/particles"
			}
		},
		"components": {
			"minecraft:emitter_initialization": {
				"creation_expression": "variable.size = math.random(0.1,0.15);variable.lifetime = 4;"
			},
			"minecraft:emitter_rate_instant": {
				"num_particles": 500
			},
			"minecraft:emitter_lifetime_once": {
				"active_time": 1
			},
			"minecraft:emitter_shape_sphere": {
				"radius": 0.1,
				"surface_only": true,
				"direction": "outwards"
			},
			"minecraft:particle_lifetime_expression": {
				"max_lifetime": "variable.particle_random_1*variable.lifetime"
			},
			"minecraft:particle_initial_speed": "math.random(15,30)",
			"minecraft:particle_motion_dynamic": {
				"linear_acceleration": ["math.random(-0.5, 0.5)", "math.random(-1, -1.5)", "math.random(-0.5, 0.5)"],
				"linear_drag_coefficient": 7.5
			},
			"minecraft:particle_appearance_billboard": {
				"size": ["variable.size", "variable.size"],
				"facing_camera_mode": "rotate_xyz",
				"uv": {
					"texture_width": 128,
					"texture_height": 128,
					"flipbook": {
						"base_UV": [64, 96],
						"size_UV": [8, 8],
						"step_UV": [-8, 0],
						"frames_per_second": 1,
						"max_frame": 7,
						"stretch_to_lifetime": true
					}
				}
			},
			"minecraft:particle_appearance_tinting": {
				"color": {
					"interpolant": "(variable.particle_age*0.5)*variable.particle_random_1",
					"gradient": {
						"0.0": "#FFC760FF",
						"1.0": "#FF5C00FF"
					}
				}
			}
		}
	}
}