{
  "format_version": "1.10.0",
  "animation_controllers": {
    "controller.animation.origin.particles.starborne": {
      "initial_state": "on_detect",
      "states": {
        "on_detect": {
          "transitions": [
            { "meditate_down": "q.is_alive && q.is_sneaking && (math.floor((q.health / q.max_health) * 100) > 99)" },
            { "stress_up": "q.is_alive" }
          ]
        },

        "meditate_down": {
          "transitions": [ { "stress_up": "!q.is_alive || !q.is_sneaking || (math.floor((q.health / q.max_health) * 100) < 100)" } ],
          "particle_effects": [ { "effect": "starborne_meditate" }, { "effect": "starborne_star" } ]
        },

        "stress_up": {
          "transitions": [ { "meditate_down": "!q.is_alive || q.is_sneaking && (math.floor((q.health / q.max_health) * 100) > 99)" } ],
          "particle_effects": [ { "effect": "starborne_stress" }, { "effect": "starborne_star" } ]
        }
      }
    },
    "controller.animation.origin.particles.starborne.shooting_star": {
      "initial_state": "on_detect",
      "states": {
        "on_detect": {
          "transitions": [ { "emit": "q.is_alive" } ]
        },

        "emit": {
          "transitions": [ { "on_detect": "!q.is_alive" } ],
          "particle_effects": [
            { "effect": "stars" },
            { "effect": "trail" }
          ]
        }
      }
    }
  }
}