{
	"format_version": "1.10.0",
	"particle_effect": {
		"description": {
			"identifier": "origins:beastmaster_on_tame",
			"basic_render_parameters": {
				"material": "particles_alpha",
				"texture": "textures/particle/particles"
			}
		},
		"components": {
			"minecraft:emitter_initialization": {
				"creation_expression": "variable.lifetime = 1;",
				"per_update_expression": "variable.size = math.random(0.2,0.3);"
			},
			"minecraft:emitter_local_space": {
				"position": true,
				"rotation": true
			},
			"minecraft:emitter_rate_instant": {
				"num_particles": 38
			},
			"minecraft:emitter_lifetime_looping": {
				"active_time": 1
			},
			"minecraft:emitter_shape_disc": {
				"radius": "math.random(0.5,1.2)",
				"surface_only": true,
				"direction": "inwards"
			},
			"minecraft:particle_lifetime_expression": {
				"max_lifetime": "variable.particle_random_1*variable.lifetime"
			},
			"minecraft:particle_initial_speed": 1,
			"minecraft:particle_motion_dynamic": {
				"linear_acceleration": [0, "Math.random(-2.0, -3.0)", 0],
				"linear_drag_coefficient": 4
			},
			"minecraft:particle_appearance_billboard": {
				"size": ["variable.size*(variable.particle_random_1*variable.lifetime-variable.particle_age)", "variable.size*(variable.particle_random_1*variable.lifetime-variable.particle_age)"],
				"facing_camera_mode": "rotate_xyz",
				"uv": {
					"texture_width": 128,
					"texture_height": 128,
					"uv": [16, 40],
					"uv_size": [8, 8]
				}
			},
			"minecraft:particle_motion_collision": {
				"collision_drag": 0.1,
				"collision_radius": 0.1
			},
			"minecraft:particle_appearance_tinting": {
				"color": [1, 1, 1, 1]
			}
		}
	}
}