{
	"format_version": "1.10.0",
	"particle_effect": {
		"description": {
			"identifier": "origins:blaze_impact",
			"basic_render_parameters": {
				"material": "particles_alpha",
				"texture": "textures/particle/particles"
			}
		},
		"components": {
			"minecraft:emitter_rate_steady": {
				"spawn_rate": 750,
				"max_particles": 1000
			},
			"minecraft:emitter_lifetime_once": {
				"active_time": 1
			},
			"minecraft:emitter_shape_disc": {
				"offset": [0, 0.8, 0],
				"radius": "math.random(0.1, 1.0)",
				"surface_only": true,
				"direction": "outwards"
			},
			"minecraft:particle_lifetime_expression": {
				"max_lifetime": "math.random(1,2)*1.5"
			},
			"minecraft:particle_initial_speed": "math.random(2,4)*1.5",
			"minecraft:particle_motion_dynamic": {
				"linear_acceleration": [0, "math.random(0.5,1.0)", 0]
			},
			"minecraft:particle_appearance_billboard": {
				"size": ["math.clamp(0.05/variable.particle_age, 0, 0.1)", "math.clamp(0.05/variable.particle_age, 0, 0.1)"],
				"facing_camera_mode": "rotate_xyz",
				"uv": {
					"texture_width": 128,
					"texture_height": 128,
					"flipbook": {
						"base_UV": [0, 24],
						"size_UV": [8, 8],
						"step_UV": [8, 0],
						"frames_per_second": 2,
						"max_frame": 2
					}
				}
			},
			"minecraft:particle_motion_collision": {
				"collision_drag": 1,
				"collision_radius": 0.1
			}
		}
	}
}