{
	"format_version": "1.10.0",
	"particle_effect": {
		"description": {
			"identifier": "origins:blaze_aura",
			"basic_render_parameters": {
				"material": "particles_alpha",
				"texture": "textures/particle/particles"
			}
		},
		"components": {
			"minecraft:emitter_rate_steady": {
				"spawn_rate": 50,
				"max_particles": 50
			},
			"minecraft:emitter_lifetime_once": {
				"active_time": 0.5
			},
			"minecraft:emitter_shape_box": {
				"offset": [0, 0.8, 0],
				"half_dimensions": [0.5, 1.6, 0.5],
				"surface_only": true,
				"direction": "inwards"
			},
			"minecraft:particle_lifetime_expression": {
				"max_lifetime": "math.random(3,4)/2"
			},
			"minecraft:particle_initial_speed": "math.random(1,2)*2",
			"minecraft:particle_motion_dynamic": {
				"linear_acceleration": [0, 2, 0],
				"linear_drag_coefficient": 1
			},
			"minecraft:particle_appearance_billboard": {
				"size": ["math.clamp(0.05/variable.particle_age, 0, 0.1)", "math.clamp(0.05/variable.particle_age, 0, 0.1)"],
				"facing_camera_mode": "rotate_xyz",
				"uv": {
					"texture_width": 128,
					"texture_height": 128,
					"flipbook": {
						"base_UV": [0, 24],
						"size_UV": [8, 8],
						"step_UV": [8, 0],
						"frames_per_second": 2,
						"max_frame": 2
					}
				}
			},
			"minecraft:particle_motion_collision": {
				"collision_drag": 0.1,
				"collision_radius": 0.1,
				"expire_on_contact": true
			}
		}
	}
}