{
	"format_version": "1.10.0",
	"particle_effect": {
		"description": {
			"identifier": "origins:bubbles",
			"basic_render_parameters": {
				"material": "particles_alpha",
				"texture": "textures/particle/particles"
			}
		},
		"components": {
			"minecraft:emitter_initialization": {
				"creation_expression": "variable.size = 0.1;variable.lifetime = 2;"
			},
			"minecraft:emitter_local_space": {
				"position": true,
				"rotation": true
			},
			"minecraft:emitter_rate_instant": {
				"num_particles": 200
			},
			"minecraft:emitter_lifetime_looping": {
				"active_time": 1
			},
			"minecraft:emitter_shape_box": {
				"offset": [0, 0.9, 0],
				"half_dimensions": [0.4, 0.9, 0.4],
				"direction": "outwards"
			},
			"minecraft:particle_lifetime_expression": {
				"max_lifetime": "variable.particle_random_1*variable.lifetime"
			},
			"minecraft:particle_initial_speed": 2,
			"minecraft:particle_motion_dynamic": {
				"linear_acceleration": ["math.random(-2,2)", "math.random(0,1)", "math.random(-2,2)"],
				"linear_drag_coefficient": 5
			},
			"minecraft:particle_appearance_billboard": {
				"size": ["variable.size*(variable.particle_random_1*variable.lifetime-variable.particle_age)", "variable.size*(variable.particle_random_1*variable.lifetime-variable.particle_age)"],
				"facing_camera_mode": "rotate_xyz",
				"uv": {
					"texture_width": 128,
					"texture_height": 128,
					"uv": [0, 16],
					"uv_size": [8, 8]
				}
			},
			"minecraft:particle_appearance_lighting": {},
			"minecraft:particle_appearance_tinting": {
				"color": {
					"interpolant": "variable.particle_age*0.5",
					"gradient": {
						"0.28": "#ffffffff",
						"1.0": "#FFFF0EDE"
					}
				}
			}
		}
	}
}