{
	"format_version": "1.10.0",
	"particle_effect": {
		"description": {
			"identifier": "origins:shield_break",
			"basic_render_parameters": {
				"material": "particles_blend",
				"texture": "textures/entity/shield"
			}
		},
		"components": {
			"minecraft:emitter_initialization": {
				"creation_expression": "variable.size = 0.15;variable.lifetime = 0.5;variable.color_r1 = 133;variable.color_r2 = 122;variable.color_g1 = 105;variable.color_g2 = 115;variable.color_b1 = 62;variable.color_b2 = 107;variable.color_a = 1.0;"
			},
			"minecraft:emitter_local_space": {
				"position": true,
				"rotation": true
			},
			"minecraft:emitter_rate_instant": {
				"num_particles": "math.random(25,50)"
			},
			"minecraft:emitter_lifetime_once": {
				"active_time": 1
			},
			"minecraft:emitter_shape_point": {},
			"minecraft:particle_lifetime_expression": {
				"max_lifetime": "variable.particle_random_1*variable.lifetime"
			},
			"minecraft:particle_initial_speed": 2,
			"minecraft:particle_motion_dynamic": {
				"linear_acceleration": [0, "Math.random(0.0, -1.5)", 0]
			},
			"minecraft:particle_appearance_billboard": {
				"size": ["variable.size*(variable.particle_random_1*variable.lifetime-variable.particle_age)", "variable.size*(variable.particle_random_1*variable.lifetime-variable.particle_age)"],
				"facing_camera_mode": "rotate_xyz",
				"uv": {
					"texture_width": 1,
					"texture_height": 1,
					"uv": [1, 1],
					"uv_size": [0.1, 0.1]
				}
			},
			"minecraft:particle_motion_collision": {
				"collision_drag": 0.1,
				"coefficient_of_restitution": 0.1,
				"collision_radius": 0.1
			},
			"minecraft:particle_appearance_tinting": {
				"color": ["Math.clamp(((variable.particle_random_1*variable.color_r1)+(variable.color_r2-(variable.color_r2*variable.particle_random_1)))/255, 0, 1)", "Math.clamp(((variable.particle_random_1*variable.color_g1)+(variable.color_g2-(variable.color_g2*variable.particle_random_1)))/255, 0, 1)", "Math.clamp(((variable.particle_random_1*variable.color_b1)+(variable.color_b2-(variable.color_b2*variable.particle_random_1)))/255, 0, 1)", "Math.clamp(variable.color_a, 0, 1)"]
			}
		}
	}
}