{
	"format_version": "1.10.0",
	"particle_effect": {
		"description": {
			"identifier": "origins:space_trail",
			"basic_render_parameters": {
				"material": "particles_alpha",
				"texture": "textures/particle/particles"
			}
		},
		"components": {
			"minecraft:emitter_initialization": {
				"creation_expression": "variable.size = math.random(0.01, 0.025);variable.lifetime = 15;"
			},
			"minecraft:emitter_rate_steady": {
				"spawn_rate": "math.random(10,20)",
				"max_particles": 30
			},
			"minecraft:emitter_lifetime_looping": {
				"active_time": 1
			},
			"minecraft:emitter_shape_sphere": {
				"radius": "math.random(0,1)",
				"surface_only": true,
				"direction": "inwards"
			},
			"minecraft:particle_lifetime_expression": {
				"max_lifetime": "variable.particle_random_1*variable.lifetime"
			},
			"minecraft:particle_initial_speed": 0.4,
			"minecraft:particle_motion_dynamic": {
				"linear_acceleration": [0, "-math.random(0.1,0.5)", 0],
				"linear_drag_coefficient": 4
			},
			"minecraft:particle_appearance_billboard": {
				"size": ["variable.size*(variable.particle_random_1*variable.lifetime-variable.particle_age)", "variable.size*(variable.particle_random_1*variable.lifetime-variable.particle_age)"],
				"facing_camera_mode": "rotate_xyz",
				"uv": {
					"texture_width": 128,
					"texture_height": 128,
					"flipbook": {
						"base_UV": [64, 96],
						"size_UV": [8, 8],
						"step_UV": [-8, 0],
						"frames_per_second": 1,
						"max_frame": 2,
						"stretch_to_lifetime": true
					}
				}
			},
			"minecraft:particle_appearance_tinting": {
				"color": {
					"interpolant": "variable.particle_lifetime",
					"gradient": {
						"0.0": "#FFEE6BFF",
						"0.03": "#FF5300FF",
						"0.27": "#FF7E41FF"
					}
				}
			}
		}
	}
}