{
	"format_version": "1.10.0",
	"particle_effect": {
		"description": {
			"identifier": "origins:star_supernova",
			"basic_render_parameters": {
				"material": "particles_alpha",
				"texture": "textures/particle/particles"
			}
		},
		"components": {
			"minecraft:emitter_initialization": {
				"creation_expression": "variable.size = 0.07;variable.lifetime = 4;"
			},
			"minecraft:emitter_rate_instant": {
				"num_particles": 1000
			},
			"minecraft:emitter_lifetime_once": {
				"active_time": 1
			},
			"minecraft:emitter_shape_sphere": {
				"radius": 1,
				"surface_only": true,
				"direction": "outwards"
			},
			"minecraft:particle_lifetime_expression": {
				"max_lifetime": "variable.particle_random_1*variable.lifetime"
			},
			"minecraft:particle_initial_spin": {
				"rotation_rate": -90
			},
			"minecraft:particle_initial_speed": "math.random(15, 60)",
			"minecraft:particle_motion_dynamic": {
				"linear_acceleration": [0, "math.random(0.1,1.0)", 0],
				"linear_drag_coefficient": 10
			},
			"minecraft:particle_appearance_billboard": {
				"size": ["variable.size*(variable.particle_random_1*variable.lifetime-variable.particle_age)", "variable.size*(variable.particle_random_1*variable.lifetime-variable.particle_age)"],
				"facing_camera_mode": "rotate_xyz",
				"uv": {
					"texture_width": 128,
					"texture_height": 128,
					"flipbook": {
						"base_UV": [64, 96],
						"size_UV": [8, 8],
						"step_UV": [-8, 0],
						"frames_per_second": 1,
						"max_frame": 2,
						"stretch_to_lifetime": true
					}
				}
			},
			"minecraft:particle_motion_collision": {
				"collision_drag": 1,
				"coefficient_of_restitution": 1,
				"collision_radius": 0.1
			},
			"minecraft:particle_appearance_tinting": {
				"color": {
					"interpolant": "variable.particle_age*0.5",
					"gradient": {
						"0.0": "#FFFF0000",
						"0.39": "#FF2200FF",
						"1.0": "#FFFFFFFF"
					}
				}
			}
		}
	}
}