{
	"format_version": "1.10.0",
	"particle_effect": {
		"description": {
			"identifier": "origins:star_stress",
			"basic_render_parameters": {
				"material": "particles_alpha",
				"texture": "textures/particle/particles"
			}
		},
		"components": {
			"minecraft:emitter_initialization": {
				"creation_expression": "variable.size = 0.1;variable.lifetime = 2;",
				"per_update_expression": "variable.ysize = !q.is_sneaking ? 1 : 0.8;"
			},
			"minecraft:emitter_rate_steady": {
				"spawn_rate": 10,
				"max_particles": 10
			},
			"minecraft:emitter_lifetime_expression": {
				"activation_expression": "q.variant == 13"
			},
			"minecraft:emitter_shape_box": {
				"offset": [0, "-(variable.ysize/2)", 0],
				"half_dimensions": [0.4, "variable.ysize", 0.4],
				"surface_only": true,
				"direction": "inwards"
			},
			"minecraft:particle_lifetime_expression": {
				"max_lifetime": "variable.particle_random_1*variable.lifetime"
			},
			"minecraft:particle_initial_speed": "math.random(0.1,1.0)",
			"minecraft:particle_motion_dynamic": {
				"linear_drag_coefficient": 5
			},
			"minecraft:particle_appearance_billboard": {
				"size": ["variable.size", "variable.size"],
				"facing_camera_mode": "rotate_xyz",
				"uv": {
					"texture_width": 128,
					"texture_height": 128,
					"flipbook": {
						"base_UV": [64, 0],
						"size_UV": [8, 8],
						"step_UV": [-8, 0],
						"frames_per_second": 1,
						"max_frame": 7,
						"stretch_to_lifetime": true
					}
				}
			},
			"minecraft:particle_appearance_tinting": {
				"color": {
					"interpolant": "variable.particle_age",
					"gradient": {
						"0.0": "#FF2200FF",
						"1.0": "#FF9C0FD4"
					}
				}
			}
		}
	}
}