{
	"format_version": "1.10.0",
	"particle_effect": {
		"description": {
			"identifier": "origins:star",
			"basic_render_parameters": {
				"material": "particles_alpha",
				"texture": "textures/particle/particles"
			}
		},
		"components": {
			"minecraft:emitter_initialization": {
				"creation_expression": "variable.size = 0.07;variable.lifetime = 4;"
			},
			"minecraft:emitter_rate_steady": {
				"spawn_rate": 1,
				"max_particles": 1
			},
			"minecraft:emitter_lifetime_expression": {
				"activation_expression": "q.variant == 13"
			},
			"minecraft:emitter_shape_box": {
				"offset": [0, -0.6, 0],
				"half_dimensions": [0.4, 1.2, 0.4],
				"surface_only": true,
				"direction": [0, 1, 0]
			},
			"minecraft:particle_lifetime_expression": {
				"max_lifetime": "variable.particle_random_1*variable.lifetime"
			},
			"minecraft:particle_initial_speed": "math.random(0.1,1.0)",
			"minecraft:particle_appearance_billboard": {
				"size": ["variable.size*(variable.particle_random_1*variable.lifetime-variable.particle_age)", "variable.size*(variable.particle_random_1*variable.lifetime-variable.particle_age)"],
				"facing_camera_mode": "rotate_xyz",
				"uv": {
					"texture_width": 128,
					"texture_height": 128,
					"flipbook": {
						"base_UV": [64, 96],
						"size_UV": [8, 8],
						"step_UV": [-8, 0],
						"frames_per_second": 1,
						"max_frame": 2,
						"stretch_to_lifetime": true
					}
				}
			}
		}
	}
}