{
  "format_version": "1.16.100",
  "minecraft:item": {
    "description": {
      "identifier": "origins:temp_netherite_hoe",
      "category": "Equipment"
    },

    "components": {
      "minecraft:icon": {
        "texture": "netherite_hoe"
      },
      "minecraft:display_name": {
        "value": "origins.item.temp.blacksmith.netherite_hoe.name"
      },
      "minecraft:max_stack_size": 1,
      "minecraft:foil": false,
      "minecraft:stacked_by_data": true,
      "minecraft:hand_equipped": true,
      "minecraft:explodable": true,
      "minecraft:damage": 0,
      "minecraft:enchantable": {
        "slot": "hoe"
      },
      "minecraft:creative_category": {
        "parent": "itemGroup.name.hoe"
      }
    }
  }
}