{
  "format_version": "1.16.100",
  "minecraft:item": {
    "description": {
      "identifier": "origins:temp_netherite_leggings",
      "category": "Equipment"
    },

    "components": {
      "minecraft:icon": {
        "texture": "netherite_leggings"
      },
      "minecraft:display_name": {
        "value": "origins.item.temp.blacksmith.netherite_leggings.name"
      },
      "minecraft:max_stack_size": 1,
      "minecraft:stacked_by_data": true,
      "minecraft:explodable": false,
      "minecraft:wearable": {
        "slot": "slot.armor.legs"
      },
      "minecraft:armor": {
        "protection": 1
      },
      "minecraft:damage": 0,
      "minecraft:enchantable": {
        "slot": "armor_legs"
      },
      "minecraft:creative_category": {
        "parent": "itemGroup.name.leggings"
      }
    }
  }
}