{
  "format_version": "1.16.100",
  "minecraft:item": {
    "description": {
      "identifier": "origins:temp_netherite_sword",
      "category": "Equipment"
    },

    "components": {
      "minecraft:icon": {
        "texture": "netherite_sword"
      },
      "minecraft:display_name": {
        "value": "origins.item.temp.blacksmith.netherite_sword.name"
      },
      "minecraft:max_stack_size": 1,
      "minecraft:foil": false,
      "minecraft:stacked_by_data": true,
      "minecraft:hand_equipped": true,
      "minecraft:can_destroy_in_creative": false,
      "minecraft:explodable": true,
      "minecraft:damage": 0,
      "minecraft:enchantable": {
        "slot": "sword"
      },
      "minecraft:creative_category": {
        "parent": "itemGroup.name.sword"
      }
    }
  }
}