{
	"format_version": "1.10.0",
	"particle_effect": {
		"description": {
			"identifier": "origins:cleric_lingering_potion_turtle_master",
			"basic_render_parameters": {
				"material": "particles_alpha",
				"texture": "textures/particle/particles"
			}
		},
		"components": {
			"minecraft:emitter_initialization": {
				"creation_expression": "variable.max_size = 3.5;",
				"per_update_expression": "variable.emitter_age_down = variable.emitter_lifetime - variable.emitter_age;"
			},
			"minecraft:emitter_rate_steady": {
				"spawn_rate": "variable.emitter_age_down*4",
				"max_particles": 120
			},
			"minecraft:emitter_lifetime_once": {
				"active_time": 30
			},
			"minecraft:emitter_shape_sphere": {
				"offset": ["Math.cos(variable.emitter_age_down*180)*(variable.emitter_age_down+0.2)*(Math.random_integer(0,1)*2-1)*variable.max_size/variable.emitter_lifetime", "math.random(0.0,0.1)", "Math.sin(variable.emitter_age_down*180)*(variable.emitter_age_down+0.2)*(Math.random_integer(0,1)*2-1)*variable.max_size/variable.emitter_lifetime"],
				"radius": "math.random(0.1,0.2)",
				"direction": ["Math.random(-1,1)", "Math.random(-1,0.2)", "Math.random(-1,1)"]
			},
			"minecraft:particle_lifetime_expression": {
				"max_lifetime": "Math.random(0.6,0.8)"
			},
			"minecraft:particle_initial_spin": {
				"rotation_rate": -90
			},
			"minecraft:particle_initial_speed": "(Math.random(0, 1) + Math.random(0, 1) + 2) * 0.5",
			"minecraft:particle_motion_dynamic": {
				"linear_acceleration": ["(variable.particle_random_1 * 2 - 1)*0.5 - (variable.particle_age * 0.4) * 2.5", 20, "(variable.particle_random_2 * 2 - 1)*0.5 - (variable.particle_age * 0.4) * 2.5"],
				"linear_drag_coefficient": 15
			},
			"minecraft:particle_appearance_billboard": {
				"size": [0.1, 0.1],
				"facing_camera_mode": "lookat_xyz",
				"uv": {
					"texture_width": 128,
					"texture_height": 128,
					"flipbook": {
						"base_UV": [64, 64],
						"size_UV": [8, 8],
						"step_UV": [-8, 0],
						"frames_per_second": 1,
						"max_frame": 8,
						"stretch_to_lifetime": true
					}
				}
			},
			"minecraft:particle_motion_collision": {
				"collision_drag": 5,
				"coefficient_of_restitution": 1,
				"collision_radius": 0.1
			},
			"minecraft:particle_appearance_lighting": {},
			"minecraft:particle_appearance_tinting": {
				"color": {
					"interpolant": "variable.particle_age",
					"gradient": {
						"0.57": "#FF93BB79",
						"1.0": "#FF7EABB2"
					}
				}
			}
		}
	}
}