{
	"format_version": "1.16.100",
	"minecraft:item": {
		"description": {
			"identifier": "origins:slimecican_slime_ball",
			"category": "Commands"
		},

		"components": {
			"minecraft:icon": {
        "texture": "slimeball"
      },
      "minecraft:display_name": {
        "value": "item.slime_ball.name"
      },
			"minecraft:food": {
				"nutrition": 0,
				"saturation_modifier": "low",
				"can_always_eat": true,
				"on_consume": {
					"event": "origins:on_consume",
					"target": "self"
				}
			},

      "minecraft:max_stack_size": 64,
      "minecraft:foil": false,
      "minecraft:stacked_by_data": false,
			"minecraft:use_duration": 1.6,
			"minecraft:use_animation": "eat"
		},

		"events": {
			"origins:on_consume": {
				"condition": "q.scoreboard('trait') == 12",
				"sequence": [
					{
						"condition": "q.scoreboard('slimesize') == 3",
						"add_mob_effect": {
							"effect": "regeneration",
							"target": "holder",
							"duration": 3,
							"amplifier": 0
						}
					},
					{
						"condition": "q.scoreboard('slimesize') == 2",
						"run_command": {
							"command": [ "scoreboard players set @s slimesize 3", "playsound mob.slime.attack @s ~~~ 1.0 0.9" ],
							"target": "holder"
						}
					},
					{
						"condition": "q.scoreboard('slimesize') == 1",
						"run_command": {
							"command": [ "scoreboard players set @s slimesize 2", "playsound mob.slime.attack @s ~~~ 1.0 0.9" ],
							"target": "holder"
						}
					}
				]
			}
		}
	}
}