{
	"format_version": "1.16.100",
	"minecraft:item": {
		"description": {
			"identifier": "origins:cook_dried_kelp",
			"category": "Commands"
		},

		"components": {
			"minecraft:icon": {
        "texture": "dried_kelp"
      },
      "minecraft:display_name": {
        "value": "origins.item.cook.dried_kelp.name"
      },
			"minecraft:food": {
				"nutrition": 2,
				"saturation_modifier": "low",
				"can_always_eat": false
			},

      "minecraft:max_stack_size": 64,
      "minecraft:foil": false,
      "minecraft:stacked_by_data": false,
			"minecraft:use_duration": 1.6,
			"minecraft:use_animation": "eat"
		}
	}
}