{
	"format_version": "1.16.100",
	"minecraft:item": {
		"description": {
			"identifier": "origins:cook_mushroom_stew",
			"category": "Commands"
		},

		"components": {
			"minecraft:icon": {
        "texture": "mushroom_stew"
      },
      "minecraft:display_name": {
        "value": "origins.item.cook.mushroom_stew.name"
      },
			"minecraft:food": {
				"nutrition": 7,
				"saturation_modifier": "normal",
				"can_always_eat": false,
				"using_converts_to": "bowl",
				"on_consume": {
					"event": "origins:on_consume",
					"target": "self"
				}
			},

      "minecraft:max_stack_size": 1,
      "minecraft:foil": false,
      "minecraft:stacked_by_data": false,
			"minecraft:use_duration": 1.6,
			"minecraft:use_animation": "eat"
		},

		"events": {
			"origins:on_consume": {
				"randomize": [
					{
						"weight": 1,
						"sequence": [
							{
								"randomize": [
									{
										"weight": 4,
										"add_mob_effect": {
											"effect": "regeneration",
											"target": "holder",
											"duration": 6,
											"amplifier": 0
										}
									},
									{
										"weight": 2,
										"add_mob_effect": {
											"effect": "absorption",
											"target": "holder",
											"duration": 6,
											"amplifier": 1
										}
									},
									{
										"weight": 1,
										"sequence": [
											{
												"add_mob_effect": {
													"effect": "health_boost",
													"target": "holder",
													"duration": 15,
													"amplifier": 0
												}
											},
											{
												"add_mob_effect": {
													"effect": "regeneration",
													"target": "holder",
													"duration": 6,
													"amplifier": 1
												}
											}
										]
									}
								]
							},
							{
								"run_command": {
									"command": [ "playsound ui.enchant @s" ],
									"target": "holder"
								}
							}
						]
					},
					{
						"weight": 4
					}
				]
			}
		}
	}
}