{
	"format_version": "1.16.100",
	"minecraft:item": {
		"description": {
			"identifier": "origins:cook_suspicious_stew_saturation",
			"category": "Commands"
		},

		"components": {
			"minecraft:icon": {
        "texture": "suspicious_stew"
      },
      "minecraft:display_name": {
        "value": "origins.item.cook.suspicious_stew.name"
      },
			"minecraft:food": {
				"nutrition": 14,
				"saturation_modifier": "max",
				"can_always_eat": true,
				"using_converts_to": "bowl"
			},

      "minecraft:max_stack_size": 1,
      "minecraft:foil": false,
      "minecraft:stacked_by_data": false,
			"minecraft:use_duration": 1.6,
			"minecraft:use_animation": "eat"
		}
	}
}